{
	"001": ["Ricardo Friedrich", "k", 0],
	"002": ["Korcan Çelikay", "k", 1],
	"003": ["Furkan Bekleviç", "k", 0],
	"004": ["Yiğit Kafkasyalı", "k", 0],
	"005": ["Erdi Dikmen", "d", 0],
	"006": ["Atila Turan", "d", 1],
	"007": ["Zvonimir Sarlija", "d", 1],
	"008": ["Tiago Pinto", "d", -1],
	"009": ["Stelios Kitsiou", "d", 6],
	"010": ["Michal Pazdan", "d", 6],
	"011": ["Ante Klusic", "d", 2],
	"012": ["Fatih Tultak", "d", 0],
	"013": ["Cebrail Karayel", "d", 2],
	"014": ["Şahverdi Çetin", "d", 0],
	"015": ["Atakan Çankaya", "d", 0],
	"016": ["Saba Lobzhanidze", "os", 1],
	"017": ["Luka Adzic", "os", 3],
	"018": ["Joseph Paintsil", "os", 1],
	"019": ["Orkan Çakır", "os", 1],
	"020": ["Daniel Lukasic ", "os", 3],
	"021": ["Milos Stojanovic", "os", 0],
	"022": ["Alper Önal", "os", 0],
	"023": ["Suat Kaya", "os", 0],
	"024": ["Ender Aygören", "os", 0],
	"025": ["Hasan Kaya", "os", 0],
	"026": ["Furkan Pektaş", "os", 0],
	"027": ["İlhan Parlak", "f", 3],
	"028": ["Jonathan Bolingi", "f", 8],
	"029": ["Ahmet Sun", "f", 0],
	"030": ["Mücahit Can Akçay", "f", 0],
	"031": ["Ferhat Kaplan", "k", 0],
	"032": ["Ruud Boffin", "k", 10],
	"033": ["Enes Sancar Şahin", "k", 0],
	"034": ["Yakup Mert Çakır", "k", 0],
	"035": ["Kudryashov", "d", 8],
	"036": ["Nazım Sangare", "d", 8],
	"037": ["Veysel Sarı", "d", 8],
	"038": ["Ersan Gülüm", "d", 0],
	"039": ["Eren Albayrak", "d", 8],
	"040": ["Bahadır Öztürk", "d", 0],
	"041": ["Nuri Şahin", "os", 3],
	"042": ["Sedar Gürler", "os", 0],
	"043": ["Amilton", "os", 7],
	"044": ["Omar İmeri", "os", 0],
	"045": ["Hakan Özmert", "os", 11],
	"046": ["Jean Armel", "os", 0],
	"047": ["Gökdeniz Bayraktar", "os", 0],
	"048": ["Sidney Sam", "os", 0],
	"049": ["Fredy", "os", 8],
	"050": ["Sergen Yatağan", "os", 0],
	"051": ["Doğukan Sinik", "os", 5],
	"052": ["Harun Alpsoy", "os", 0],
	"053": ["Mukairu", "os", 0],
	"054": ["Ufuk Akyol", "os", 0],
	"055": ["Cenk Şen", "os", 0],
	"056": ["Mevlüt Han Ekelik", "os", 0],
	"057": ["Harun Kavaklıdere", "os", 0],
	"058": ["Bünyamin Balcı", "os", 16],
	"059": ["Jahovic", "f", 5],
	"060": ["Podolski", "f", 3],
	"061": ["Orgill", "f", 3],
	"062": ["Blanco Leschuk", "f", 0],
	"063": ["Ufuk Ceylan", "k", 0],
	"064": ["Marafona", "k", 10],
	"065": ["Yusuf Karagöz", "k", 0],
	"066": ["François Moubandje", "d", 7],
	"067": ["Steven Caulker", "d", 16],
	"068": ["Fatih Aksoy", "d", 8],
	"069": ["Ahmet Gülay", "d", 0],
	"070": ["Alper Tursun", "d", 0],
	"071": ["Juanfran", "d", 8],
	"072": ["Tzavellas", "d", 12],
	"073": ["Tayfur Bingöl", "d", 3],
	"074": ["Emre Bekir", "d", 0],
	"075": ["Reşo Akın", "d", 0],
	"076": ["Hasan Emiroğlu", "d", 0],
	"077": ["Davidson Pereira", "os", 10],
	"078": ["Bakasetas", "os", 5],
	"079": ["Hasan Ayaroğlu", "os", 0],
	"080": ["Ceyhun Gülselam", "os", 3],
	"081": ["Efecan Karaca", "os", 8],
	"082": ["Salih Uçan", "os", 5],
	"083": ["Efkan Bekiroğlu", "os", 0],
	"084": ["Siopis", "os", 3],
	"085": ["Berkan İsmail Kutlu", "os", 3],
	"086": ["Emircan Altıntaş", "os", 0],
	"087": ["Onur Bulut", "os", 0],
	"088": ["Can Yalçıntekin", "os", 0],
	"089": ["Rauf Öktem", "os", 0],
	"090": ["Umut Güneş", "os", 0],
	"091": ["Babacar", "f", 0],
	"092": ["Adam Bareiro", "f", 5],
	"093": ["Mustafa Pektemek", "f", 3],
	"094": ["Veysel Ünal", "f", 0],
	"095": ["Ersin Destanoğlu", "k", 4],
	"096": ["Emre Bilgin", "k", 0],
	"097": ["Utku Yuvakuran", "k", 0],
	"098": ["Domagoj Vida", "d", 5],
	"099": ["Welinton Souza", "d", 4],
        "100": ["N Skala", "d", 4],
	"101": ["Montero", "d", 0],
	"102": ["Douglas", "d", 0],
	"103": ["İsimat-Mirin", "d", 0],
	"104": ["Alpay Çelebi", "d", 0],
	"105": ["Erdoğan Kaya", "d", 0],
	"106": ["Rıdvan Yılmaz", "d", 0],
	"634": ["Josef de Souza", "os", 0],
	"107": ["Adem Ljajic", "os", 3],
	"108": ["N Koudou", "os", 0],
	"109": ["Jeremain Lens", "os", 9],
	"110": ["Atiba Hutchinson", "os", 9],
	"111": ["Mensah", "os", 11],
	"112": ["Oğuzhan Özyakup", "os", 3],
	"113": ["Gökhan Töre", "os", 0],
	"114": ["Tyler Boyd", "os", 11],
	"115": ["Dorukhan Toköz", "os", 6],
	"116": ["Ajdin Hasic", "os", 5],
	"117": ["Necip Uysal", "os", 5],
	"118": ["Muhayer Oktay", "os", 0],
	"119": ["Hüseyin Atakan Üner", "os", 3],
	"120": ["Kartal Yılmaz", "os", 0],
	"121": ["Cyle Larin", "f", 5],
	"122": ["Umut Nayir", "f", 3],
	"123": ["Güven Yalçın", "f", 0],
	"124": ["Gökhan Akkan", "k", 6],
	"125": ["Zafer Görgen", "k", 0],
	"126": ["Tarık Çetin", "k", 0],
	"636": ["Yassine Meriah", "d", 0],
	"127": ["Moroziuk", "d", 0],
	"128": ["Melnijak", "d", 6],
	"129": ["Talbi", "d", 0],
	"130": ["Chatziisaias", "d", 2],
	"131": ["Orhan Ovacıklı", "d", 0],
	"132": ["Burak Albayrak", "d", 0],
	"133": ["Emin Han Topçu", "d", 0],
	"134": ["Yusuf Acer", "d", 0],
	"135": ["Selim Ay", "d", 1],
	"136": ["Samudio", "os", 3],
	"137": ["Aminu Umar", "os", 0],
	"138": ["Boldrin", "os", 3],
	"139": ["Fabricio Baiano", "os", 3],
	"140": ["Tunay Torun", "os", 0],
	"141": ["Nadir Çiftçi", "os", 0],
	"142": ["Abdullah Durak", "os", 3],
	"143": ["Diomande", "os", 0],
	"144": ["Mithat Pala", "os", 0],
	"145": ["Yasin Pehlivan", "os", 1],
	"146": ["Michalak", "os", 1],
	"147": ["Vetrih", "os", 3],
	"148": ["Engin Bekdemir", "os", 0],
	"149": ["Alberk Koç", "os", 0],
	"150": ["Çınar Tarhan", "os", 0],
	"151": ["Atakan Akkaynak", "os", 0],
	"152": ["Mahsun Çapkan", "os", 0],
	"153": ["Loic Remy", "f", 1],
	"154": ["Milan Skoda", "f", 8],
	"155": ["Kemal Rüzgar", "f", 0],
	"156": ["Samassa", "k", 1],
	"157": ["Muammer Yıldırım", "k", 0],
	"158": ["Ali Şaşal Vural", "k", 0],
	"159": ["Uğur Çiftçi", "d", 2],
	"160": ["Marcelo Goiano", "d", 2],
	"161": ["Ziya Erdal", "d", 1],
	"162": ["Caner Osmanpaşa", "d", 2],
	"163": ["Appindangoye", "d", 0],
	"164": ["Barış Yardımcı", "d", 0],
	"165": ["Samba Camara", "d", 2],
	"637": ["Fayçal Fajr", "os", 0],
	"166": ["Claudemir", "os", 1],
	"167": ["Casimir Ninga", "os", 1],
	"168": ["Max Gradel", "os", 3],
	"169": ["Yasin Öztekin", "os", 0],
	"170": ["Robin Yalçın", "os", 1],
	"171": ["Hakan Arslan", "os", 2],
	"172": ["Jorge Felix", "f", 1],
	"173": ["Sergey Rybalka", "os", 0],
	"174": ["Erdoğan Yeşilyurt", "os", 3],
	"175": ["Claudemir", "os", 0],
	"176": ["Djerlek", "os", 0],
	"177": ["Cofie", "os", 0],
	"178": ["Eren Şahin", "os", 0],
	"179": ["Kerem Atakan Kesgin", "os", 0],
	"180": ["Volkan Eğri", "os", 0],
	"181": ["Arouna Kone", "f", 1],
	"182": ["Yatabare", "f", 3],
	"183": ["Traore", "f", 0],
	"184": ["Farnolle", "k", 4],
	"185": ["Kayacan Erdoğan", "k", 0],
	"186": ["Batuhan Ünsal", "k", 0],
	"187": ["Aykut Demir", "d", 0],
	"188": ["Mina", "d", 0],
	"189": ["Adolphe Teikeu", "d", 0],
	"190": ["Gökhan Kardeş", "d", 0],
	"191": ["Mücahid Albayrak", "d", 0],
	"192": ["Kaan Kanak", "d", 5],
	"193": ["Hasan Hatipoğlu", "d", 5],
	"194": ["Murat Uçar", "d", 0],
	"195": ["Cenk Ahmet Alkılıç", "d", 5],
	"196": ["Gabriel Obertan", "os", 0],
	"635": ["Osman Çelik", "os", 5],
	"197": ["İbrahim Akdağ", "os", 5],
	"198": ["Donald", "os", 0],
	"199": ["Emrah Başsan", "os", 6],
	"200": ["Arvydas Novikovas", "os", 5],
	"201": ["İbrahim Sissokko", "os", 8],
	"202": ["Petrus Boumal", "os", 5],
	"203": ["Mahamadou Ba", "os", 3],
	"204": ["Jugurtha Hamroun", "os", 3],
	"205": ["Muhammed Gönülçalar", "os", 0],
	"206": ["Cem Barlık", "os", 0],
	"207": ["Emin Polat", "os", 0],
	"208": ["Osman Şahin", "os", 0],
	"209": ["Sefa Akgün", "os", 0],
	"210": ["Rashad Muhammed", "f", 3],
	"211": ["Ömer Şişmanoğlu", "f", 0],
	"212": ["Oltan Karakullukçu", "f", 13],
	"213": ["Alperen Bektaş", "f", 0],
	"214": ["Viviano", "k", 0],
	"215": ["Aykut Özer", "k", 10],
	"216": ["Gaber Dobrovoljc", "k", 0],
	"629": ["Eric Lichaj", "d", 3],
	"217": ["Ervin Zukanovic", "d", 16],
	"218": ["Koray Altınay", "d", 7],
	"626": ["Enzo Roco", "d", 8],
	"627": ["Alparslan Erdem", "d", 8],
	"219": ["Fatih Kuruçuk", "d", 0],
	"220": ["Recep Kutun", "d", 0],
	"221": ["Murat Sarıgül", "d", 0],
	"638": ["Lucas Biglia", "os", 0],
	"223": ["Alassane Ndao", "os", 5],
	"631": ["Aatif Chahechouhe", "os", 3],
	"628": ["Erik Sabo", "os", 11],
	"224": ["Brahim Darri", "os", 3],
	"225": ["Efe Tatlı", "os", 0],
	"226": ["Muhammed Pehlivan", "os", 0],
	"227": ["Anıl Aktaş", "os", 0],
	"228": ["Ramazan Civelek", "os", 9],
	"229": ["Yusuf Erdoğan", "os", 0],
	"230": ["Mevlüt Erdinç", "f", 4],
	"231": ["Vato Arveladze", "f", 5],
	"232": ["Artur Sobiech", "f", 9],
	"233": ["Altay Bayındır", "k", 4],
	"234": ["Harun Tekin", "k", 0],
	"235": ["Ahmet Oytun Özdoğan", "k", 0],
	"236": ["Marcel Tisserand", "d", 0],
	"237": ["Caner Erkin", "d", 6],
	"238": ["Gökhan Gönül", "d", 13],
	"239": ["Novak", "d", 0],
	"240": ["Lemos", "d", 0],
	"241": ["Serdar Aziz", "d", 5],
	"242": ["Zanka", "d", 5],
	"243": ["Nabil Dirar", "d", 0],
	"244": ["Sadık Çiftpınar", "d", 0],
	"245": ["Murat Sağlam", "d", 0],
	"246": ["Sosa", "os", 9],
	"247": ["Mert Hakan Yandaş", "os", 0],
	"248": ["Ozan Tufan", "os", 3],
	"249": ["Garry Rodrigues", "os", 0],
	"250": ["Sinan Gümüş", "os", 2],
	"251": ["Deniz Türüç", "os", 6],
	"252": ["Luis Gustavo", "os", 5],
	"253": ["Ferdi Kadıoğlu", "os", 4],
	"254": ["Jailson", "os", 0],
	"255": ["Tolga Ciğerci", "os", 5],
	"256": ["Ömer Faruk Beyaz", "os", 0],
	"257": ["Oğuz Kağan Güçtekin", "os", 0],
	"258": ["Muhammed Gümüşkaya", "os", 0],
	"259": ["İsmail Yüksek", "os", 0],
	"260": ["Valencia", "f", 4],
	"261": ["Mame Thiam", "f", 3],
	"262": ["Frey", "f", 6],
	"263": ["Sayyadmanesh", "f", 0],
	"264": ["Barış Sungur", "f", 0],
	"265": ["Fernando Muslera", "k", 0],
	"266": ["Fatih Öztürk", "k", 4],
	"267": ["Okan Kocuk", "k", 0],
	"268": ["Berk Balaban", "k", 0],
	"269": ["Christian Luyindama", "d", 4],
	"270": ["Marcelo Saracchi", "d", 5],
	"271": ["Marcao", "d", 5],
	"272": ["Ryan Donk", "d", 3],
	"273": ["Linnes", "d", 0],
	"274": ["Ahmet Çalık", "d", 0],
	"275": ["Omar Elabdellaoui", "d", 5],
	"276": ["Emre Taşdemir", "d", 0],
	"277": ["Şener Özbayraklı", "d", 0],
	"278": ["Ozornwafor", "d", 0],
	"279": ["Emin Bayram", "d", 0],
	"280": ["Süleyman Luş", "d", 0],
	"281": ["Etebo", "os", 0],
	"282": ["Feghouli", "os", 9],
	"283": ["Belhanda", "os", 4],
	"284": ["Emre Kılınç", "os", 11],
	"285": ["Babel", "os", 3],
	"286": ["Emre Akbaba", "os", 0],
	"287": ["Arda Turan", "os", 5],
	"288": ["Jimmy Durmaz", "os", 3],
	"289": ["Ömer Bayram", "os", 3],
	"290": ["Jesse Sekidika", "os", 0],
	"291": ["Taylan Antalyalı", "os", 5],
	"292": ["Oğulcan Çağlayan", "os", 0],
	"293": ["Yunus Akgün", "os", 0],
	"294": ["Atalay Babacan", "os", 0],
	"295": ["Kerem Aktürkoğlu", "os", 0],
	"296": ["Falcao", "f", 18],
	"297": ["Diagne", "f", 3],
	"298": ["Ali Yavuz Kol", "f", 0],
	"299": ["Günay", "k", 0],
	"300": ["Çağlar Akbaba", "k", 0],
	"301": ["Burak Bozan", "k", 0],
	"302": ["Djilobodji", "d", 2],
	"303": ["Kana Bıyık", "d", 2],
	"304": ["Tosca", "d", 0],
	"305": ["Junior Morais", "d", 2],
	"306": ["Olkowski", "d", 0],
	"307": ["Oğuz Ceylan", "d", 0],
	"308": ["Ulaş Zengin", "d", 0],
	"309": ["Mehmet Erdem", "d", 0],
	"632": ["Jefferson", "os", 0],
	"310": ["Cenk Şahin", "os", 1],
	"311": ["Zvonimir Kozulj", "os", 1],
	"312": ["Güray Vural", "os", 6],
	"313": ["Souleymanne Diarra", "os", 0],
	"314": ["Tetteh", "os", 0],
	"315": ["Chibsah", "os", 0],
	"316": ["Alexandru Maxim", "os", 3],
	"317": ["Andre Sousa", "os", 3],
	"318": ["Furkan Soyalp", "os", 1],
	"319": ["Pawlowski", "os", 0],
	"320": ["Kenan Özer", "os", 1],
	"321": ["Hasan Yurtseven", "os", 0],
	"322": ["Mahmut Bilir", "os", 0],
	"323": ["Kubilay Aktaş", "os", -1],
	"324": ["Ali Ateş", "os", 0],
	"325": ["Andre Ribeiro", "f", 8],
	"326": ["Muhammet Demir", "f", 2],
	"327": ["Kristoffer Nordfeldt", "k", 1],
	"328": ["Ertaç Özbir", "k", 0],
	"329": ["Burak Çapkınoğlu", "k", 0],
	"330": ["Numan Soysal", "k", 0],
	"331": ["Übeyd Adıyaman", "k", 0],
	"332": ["Toure", "d", 2],
	"333": ["Mattias Johansson", "d", 2],
	"334": ["Diego Angelo", "d", 1],
	"335": ["Rahmi Can Karadaş", "d", 0],
	"336": ["Polomat", "d", 0],
	"337": ["Ömürcan Artan", "d", 0],
	"338": ["Hüseyin Eren Bektaş", "d", 0],
	"339": ["Kadir Enes Kira", "d", 0],
	"340": ["Metehan Mert", "d", 0],
	"341": ["Abdullah Şahindere", "d", 0],
	"342": ["Ali Eren Karadağ", "d", 0],
	"343": ["Salih Dursun", "d", 0],
	"344": ["Ömer Ahmet Tatlısu", "d", 0],
	"345": ["Muhammet Selim Okur", "d", 0],
	"346": ["Halil İbrahim Pehlivan", "d", 2],
	"347": ["Arda Kızıldağ", "d", 0],
	"348": ["Floyd Ayit", "os", 4],
	"349": ["Domini Furham", "os", 0],
	"350": ["Murat Yıldırım", "os", 1],
	"351": ["Daniel Candeias", "os", 3],
	"352": ["Furkan Temir", "os", 0],
	"353": ["Ali Eren Daşdemir", "os", 0],
	"354": ["Mustafa Hüseyin Seyhan", "os", 0],
	"355": ["Sefa Yılmaz", "os", 1],
	"356": ["Recep Yurdakul", "os", 0],
	"357": ["Soner Dikmen", "os", 3],
	"358": ["Mustafa Çeçenoğlu", "os", 0],
	"359": ["Berat Ayber Özdemir", "os", 3],
	"360": ["Çayan Poshoroğlu", "os", 0],
	"361": ["Rahmetullah Berişbek", "os", 0],
	"362": ["Stancu", "f", 3],
	"363": ["Giovanni Sio", "f", 3],
	"364": ["Mert Can Güngör", "f", 0],
	"365": ["Gökhan Altıparmak", "f", 0],
	"366": ["Yağız Suat Bolat", "f", 0],
	"367": ["İlker Karakaş", "f", 1],
	"639": ["Balazs Megyeri", "k", 0],
	"368": ["İrfan Can Eğribayat", "k", 4],
	"369": ["Göktuğ Bakırtaş", "k", 0],
	"370": ["Eren Bilen", "k", 0],
	"371": ["Arda Özçimen", "k", 0],
	"372": ["Gassama", "d", 0],
	"373": ["Atınç Nukan", "d", 17],
	"374": ["Titi", "d", 3],
	"375": ["Berkan Emir", "d", 9],
	"376": ["Hakan Çinemre", "d", 0],
	"377": ["Alpaslan Öztürk", "d", 14],
	"378": ["Dzenan Burekovic", "d", 3],
	"379": ["Murat Paluli", "d", 5],
	"380": ["Soner Aydoğdu", "os", 8],
	"381": ["Mossoro", "os", 11],
	"382": ["Poko", "os", 0],
	"383": ["Napoleoni", "os", 0],
	"384": ["Halil Akbunar", "os", 11],
	"385": ["Zlatko Tripic", "os", 11],
	"386": ["Metin Yıldırım", "os", 0],
	"387": ["Burak Süleyman", "os", 0],
	"388": ["Kubilay Sönmez", "os", 3],
	"389": ["Efe Binici", "os", 3],
	"390": ["Yalçın Kayan", "os", 5],
	"391": ["Batuhan Kırdaroğlu", "os", 0],
	"392": ["Brown İdeye", "f", 8],
	"393": ["Cherif Ndiaye", "f", 3],
	"394": ["Ege Özkayımoğlu", "f", 0],
	"640": ["Munir", "k", 10],
	"395": ["Akın Alkan", "k", 0],
	"396": ["Süleyman Çamlıca", "k", 0],
	"397": ["Popov", "d", 3],
	"398": ["Pablo Santos", "d", 8],
	"399": ["Katranis", "d", 0],
	"400": ["Yusuf Abdioğlu", "d", 8],
	"401": ["Soner Örnek", "d", 3],
	"402": ["Mesut Çaytemel", "d", 8],
	"403": ["Mahmut Emir", "d", 0],
	"641": ["Helder Barbosa", "os", 9],
	"404": ["Ruben Ribeiro", "os", 4],
	"405": ["Isaac Sackey", "os", 5],
	"406": ["Gökhan Karadeniz", "os", 5],
	"407": ["Joseph Akomadi", "os", 0],
	"408": ["Idir Ouali", "os", 0],
	"409": ["Akif Karagülmez", "os", 0],
	"410": ["Abdurrahman Canlı", "os", 0],
	"411": ["Semih Üstün", "os", 0],
	"412": ["Rayane Aabid", "os", 5],
	"413": ["Selim Ilgaz", "os", 11],
	"414": ["Buğra Temel", "os", 0],
	"415": ["Burak Çamoğlu", "os", 0],
	"624": ["Adama Traore", "os", 6],
	"416": ["Mame Diouf", "f", 8],
	"417": ["Aaron Boupendza", "f", 0],
	"418": ["Dame Diop", "f", 0],
	"419": ["Mirkan Aydın", "f", 3],
	"420": ["Mehmet Küçükdurmuş", "f", 0],
	"421": ["Taylan Özgün", "f", 0],
	"422": ["Lung", "k", 9],
	"423": ["Doğan Alemdar", "k", 0],
	"424": ["Eray İşcan", "k", 0],
	"425": ["İsmail Çipe", "k", 0],
	"426": ["Nuh Naci Kırklancıoğlu", "k", 0],
	"427": ["Sapunaru", "d", 8],
	"428": ["Miguel Lopes", "d", 8],
	"429": ["Attamah", "d", 0],
	"430": ["Kolovetsios", "d", 0],
	"431": ["Yasir Subaşı", "d", 12],
	"432": ["Oğuzhan Çapar", "d", 7],
	"433": ["Adem Doğan", "d", 3],
	"434": ["Aaron Lennon", "os", 0],
	"435": ["Yaw Ackah", "os", 0],
	"436": ["Pedro Henrique", "os", 0],
	"437": ["Harrison Manzala", "os", 0],
	"438": ["Zoran Kvrzic", "os", 11],
	"439": ["Mario Situm", "os", 5],
	"440": ["Anthony Uzodimma", "os", 5],
	"441": ["Daniel Avramovski", "os", 0],
	"442": ["Hasan Hüseyin Acar", "os", 5],
	"443": ["İlhan Depe", "os", 0],
	"444": ["Campanharo", "os", 4],
	"445": ["Aksel Aktaş", "os", 0],
	"446": ["Nurettin Korkmaz", "os", 0],
	"447": ["Emre Demir", "os", 3],
	"448": ["Furkan Polat", "os", 0],
	"449": ["Muğdat Çelik", "f", 0],
	"450": ["Ömer Uzun", "f", 5],
	"451": ["İbrahim Sehic", "k", 0],
	"452": ["Serkan Kırıntılı", "k", 0],
	"453": ["Ozan Can Oruç", "k", 0],
	"454": ["Ahmet Çolak", "k", 0],
	"455": ["Skubic", "d", 0],
	"456": ["Ali Turan", "d", 0],
	"457": ["Anicic", "d", 0],
	"458": ["Uğur Demirok", "d", 0],
	"459": ["Alper Uludağ", "d", 0],
	"460": ["Guilherme Sitya", "d", 0],
	"461": ["Kadir Kaan Özdemir", "d", 0],
	"462": ["Abdülkerim Bardakçı", "d", 0],
	"463": ["Savaş Polat", "d", 0],
	"623": ["Adil Demirbağ", "os", 0],
	"464": ["Paolo Hurtado", "os", 0],
	"465": ["Ömer Ali Şahiner", "os", 0],
	"466": ["Musa Çağıran", "os", 0],
	"467": ["Samuel Eduok", "os", 0],
	"468": ["Deni Milosevic", "os", 0],
	"469": ["Levan Shengelia", "os", 0],
	"470": ["Farouk Miya", "os", 0],
	"471": ["Marko Jevtovic", "os", 0],
	"472": ["Hadziahmetovic", "os", 0],
	"473": ["Volkan Fındıklı", "os", 0],
	"474": ["Vedat Bora", "os", 0],
	"475": ["Şener Kaya", "os", 0],
	"476": ["Ali Karakaya", "os", 0],
	"477": ["Rogerio Thuram", "f", 0],
	"478": ["Erdon Dacı", "f", 0],
	"622": ["Sokol Cikalleshi", "f", 0],
	"479": ["Ertuğrul Taşkıran", "k", 0],
	"480": ["Ramazan Köse", "k", 2],
	"481": ["Ahmet Oğuz", "d", 0],
	"482": ["Julian Jeanvier", "d", 2],
	"483": ["Mickael Tirpan", "d", 1],
	"484": ["Oussama Haddadi", "d", 3],
	"485": ["Feyzi Yıldırım", "d", 0],
	"486": ["Tomas Brecka", "d", 3],
	"487": ["Çağtay Kurukalıp", "d", 0],
	"488": ["Berk Çetin", "d", 0],
	"489": ["Onur Ural", "d", 0],
	"490": ["Hajradinovic", "os", 3],
	"491": ["Tobias Heintz", "os", 0],
	"492": ["Alan", "os", 0],
	"493": ["Kevin Varga", "os", 1],
	"494": ["Tarkan Serbest", "os", 3],
	"495": ["Aytaç Kara", "os", 3],
	"496": ["Yusuf Erdoğan", "os", 3],
	"497": ["Pavelka", "os", 3],
	"498": ["Sadiku", "os", 0],
	"499": ["Azad Toptik", "os", 0],
	"500": ["Anıl Koç", "os", 1],
	"501": ["Doğucan Haspolat", "os", 0],
	"502": ["Yasin Dülger", "os", 0],
	"503": ["Koita", "f", 0],
	"504": ["Gerard Gohou", "f", 3],
	"505": ["Mert Günok", "k", 1],
	"506": ["Volkan Babacan", "k", 0],
	"507": ["Muhammed Şengezer", "k", 0],
	"508": ["Ahmet Kıvanç", "k", 0],
	"633": ["Bolingoli-Mbombo", "d", 0],
	"509": ["Rafael", "d", 1],
	"510": ["Caiçara", "d", 2],
	"511": ["Epureanu", "d", 3],
	"512": ["Martin Skrtel", "d", 1],
	"513": ["Hasan Ali Kaldırım", "d", 3],
	"514": ["Aziz Behich", "d", 0],
	"515": ["Muharrem Öner", "d", 0],
	"516": ["Cemali Sertel", "d", 0],
	"517": ["Emre Kaplan", "d", 1],
	"518": ["Miguel Viera", "d", 0],
	"519": ["Ponck", "d", 0],
	"520": ["Uğur Uçar", "d", 0],
	"521": ["Mert Çelik", "d", 0],
	"522": ["Nacer Chadli", "os", 0],
	"523": ["Visca", "os", 3],
	"524": ["Danijel Aleksic", "os", 1],
	"525": ["Mahmut Tekdemir", "os", 3],
	"526": ["Kerim Frei", "os", 1],
	"527": ["Berkay Özcan", "os", 1],
	"528": ["İrfan Can Kahveci", "os", 3],
	"529": ["Milos Jojic", "os", 0],
	"530": ["Mehmet Topal", "os", 0],
	"531": ["Azubuike", "os", 0],
	"532": ["Alican Özfesli", "os", 0],
	"533": ["Kaan Demir", "os", 0],
	"642": ["Enes Karakuş", "f", 1],
	"534": ["Crivelli", "f", 3],
	"535": ["Gulbrandsen", "f", 0],
	"536": ["Demba Ba", "f", 3],
	"537": ["Muhammet Arslantaş", "f", 0],
	"538": ["Uğurcan Çakır", "k", 0],
	"539": ["Erce Kardeşler", "k", 0],
	"540": ["Arda Akbulut", "k", 0],
	"541": ["Muhammet Taha Tepe", "k", 0],
	"542": ["Joao Pereira", "d", 0],
	"543": ["Edgar Le", "d", 1],
	"544": ["Marlon", "d", 0],
	"545": ["Majid Hosseini", "d", 0],
	"546": ["Gaston Campi", "d", 6],
	"547": ["Hüseyin Türkmen", "d", 2],
	"548": ["Kamil Ahmet Çörekçi", "d", 0],
	"549": ["Atakan Gündüz", "d", 0],
	"550": ["Serkan Asan", "d", 2],
	"551": ["Abdurrahim Dursun", "d", 0],
	"552": ["Nwakaeme", "os", 3],
	"553": ["Guilherme", "os", 3],
	"554": ["Flavio", "os", -2],
	"555": ["Abdulkadir Ömür", "os", 9],
	"556": ["Trondsen", "os", 0],
	"557": ["Bilal Başakçıoğlu", "os", 0],
	"558": ["Abdulkadir Parmak", "os", 3],
	"559": ["Sefa Kınalı", "os", 0],
	"560": ["Kerem Baykuş", "os", 0],
	"561": ["Ahmet Canbaz", "os", 1],
	"562": ["Yusuf Sarı", "os", 0],
	"563": ["Doğan Erdoğan", "os", 0],
	"564": ["Fıratcan Üzüm", "os", 0],
	"565": ["Benik Afobe", "f", 0],
	"566": ["Caleb Ekuban", "f", 3],
	"567": ["Stiven Plaza", "f", 0],
	"568": ["Anıl Başaran", "f", 0],
	"569": ["Salih Kavrazlı", "f", 0],
	"570": ["Koray Kılınç", "f", 0],
	"571": ["Guido Herrera", "k", 0],
	"572": ["Murat Akşit", "k", 0],
	"573": ["Abdulsamed Damlu", "k", 0],
	"574": ["Emre Selen", "k", 0],
	"630": ["Erkan Kaş", "d", 1],
	"575": ["Chebake", "d", 2],
	"576": ["Zeki Yavru", "d", 0],
	"577": ["Karim Hafez", "d", 0],
	"578": ["Yiğithan Güveli", "d", 0],
	"579": ["Murat Akça", "d", 2],
	"580": ["Hadebe", "d", 0],
	"581": ["Mustafa Akbaş", "d", 0],
	"582": ["Buğra Çağıran", "d", 0],
	"583": ["Bülent Cevahir", "d", 0],
	"584": ["Sincere Seth", "d", 0],
	"585": ["Burak Kavlak", "d", 0],
	"586": ["Mustafa Eskihellaç", "d", 0],
	"587": ["Fofana", "os", 3],
	"588": ["Christian Cueva", "os", 3],
	"589": ["Jody Lukoki", "os", 0],
	"590": ["Acquah", "os", 3],
	"591": ["Youssuf Ndayishimiye", "os", 3],
	"592": ["Fernando Zuqui", "os", 1],
	"593": ["Berk Yıldız", "os", 1],
	"594": ["Ahmed İldiz", "os", 0],
	"595": ["Benjamin Tetteh", "f", 0],
	"596": ["Jetmir Topalli", "f", 1],
	"597": ["Umut Bulut", "f", 3],
	"625": ["Adem Büyük", "f", 2],
	"598": ["Kubilay Yılmaz", "f", 0],
	"599": ["Costel Pantilimon", "k", 0],
	"600": ["Cenk Gönen", "k", -2],
	"601": ["Ali Eren Yalçın", "k", 0],
	"602": ["Hüseyin Altıntaş", "k", 0],
	"643": ["Fabiano Leismann", "d", 0],
	"603": ["Sakıb Aytaç", "d", 0],
	"604": ["Özer Özdemir", "d", 0],
	"605": ["Tiago Lopes", "d", 5],
	"606": ["Özgür Çek", "d", 1],
	"607": ["Mustafa Yumlu", "d", 0],
	"608": ["Bergdich", "d", 1],
	"609": ["Muhammet Özkal", "d", 0],
	"610": ["Oğuz Yılmaz", "d", 9],
	"611": ["Murathan Sütcü", "d", 0],
	"612": ["İsmail Aissati", "os", 3],
	"613": ["Hadi Sacko", "os", 3],
	"614": ["Marvin Bakalorz", "os", 3],
	"615": ["Angelo Sagal", "os", 1],
	"616": ["Radoslaw Murawski", "os", 2],
	"617": ["Recep Niyaz", "os", 1],
	"618": ["Alihan Kalkan", "os", 0],
	"619": ["Asım Aksungur", "os", 0],
	"620": ["Rodallega", "f", 1],
	"621": ["Mesanovic", "f", 1]
}
