{
     "4": {
          "fikstur":[
        {"takim1":"Ankaragücü", "skor1":0, "takim2":"Kayserispor", "skor2":1, "finished":0},
        {"takim1":"Gaziantep FK", "skor1":1, "takim2":"Trabzonspor", "skor2":1, "finished":0},
        {"takim1":"Malatyaspor", "skor1":1, "takim2":"Antalyaspor", "skor2":0, "finished":0},
        {"takim1":"Erzurumspor", "skor1":0, "takim2":"Rizespor", "skor2":0, "finished":0},
        {"takim1":"Başakşehir", "skor1":0, "takim2":"Göztepe", "skor2":0, "finished":0},
        {"takim1":"Fenerbahçe", "skor1":2, "takim2":"Fatih Karagümrük", "skor2":1, "finished":0},
        {"takim1":"Denizlispor", "skor1":0, "takim2":"Konyaspor", "skor2":0, "finished":0},
        {"takim1":"Beşiktaş", "skor1":0, "takim2":"Gençlerbirliği", "skor2":1, "finished":0}, 
        {"takim1":"Alanyaspor", "skor1":6, "takim2":"Hatayspor", "skor2":0, "finished":0},
        {"takim1":"Kasımpaşa", "skor1":1, "takim2":"Galatasaray", "skor2":0, "finished":0}
    ],
          "bay":"Sivasspor"
     },
     "3": {
          "fikstur":[
        {"takim1":"Fatih Karagümrük", "skor1":2, "takim2":"Başakşehir", "skor2":0, "finished":0},
        {"takim1":"Kayserispor", "skor1":1, "takim2":"Erzurumspor", "skor2":3, "finished":0},
        {"takim1":"Hatayspor", "skor1":1, "takim2":"Kasımpaşa", "skor2":0, "finished":0},
        {"takim1":"Göztepe", "skor1":2, "takim2":"Gaziantep FK", "skor2":2, "finished":0},
        {"takim1":"Trabzonspor", "skor1":3, "takim2":"Malatyaspor", "skor2":1, "finished":0},
        {"takim1":"Rizespor", "skor1":1, "takim2":"Alanyaspor", "skor2":1, "finished":0},
        {"takim1":"Sivasspor", "skor1":0, "takim2":"Ankaragücü", "skor2":0, "finished":0},
        {"takim1":"Konyaspor", "skor1":4, "takim2":"Beşiktaş", "skor2":1, "finished":0}, 
        {"takim1":"Galatasaray", "skor1":0, "takim2":"Fenerbahçe", "skor2":0, "finished":0},
        {"takim1":"Antalyaspor", "skor1":1, "takim2":"Denizlispor", "skor2":0, "finished":0}
    ],
          "bay":"Gençlerbirliği"
     },
     "2": {
          "fikstur":[
        {"takim1":"Malatyaspor", "skor1":1, "takim2":"Göztepe", "skor2":1, "finished":0},
        {"takim1":"Gençlerbirliği", "skor1":0, "takim2":"Konyaspor", "skor2":0, "finished":0},
        {"takim1":"Denizlispor", "skor1":0, "takim2":"Trabzonspor", "skor2":0, "finished":0},
        {"takim1":"Beşiktaş", "skor1":1, "takim2":"Antalyaspor", "skor2":1, "finished":0},
        {"takim1":"Alanyaspor", "skor1":2, "takim2":"Kayserispor", "skor2":0, "finished":0},
        {"takim1":"Erzurumspor", "skor1":1, "takim2":"Sivasspor", "skor2":2, "finished":0},
        {"takim1":"Kasımpaşa", "skor1":2, "takim2":"Rizespor", "skor2":0, "finished":0},
        {"takim1":"Gaziantep FK", "skor1":2, "takim2":"Fatih Karagümrük", "skor2":2, "finished":0}, 
        {"takim1":"Başakşehir", "skor1":0, "takim2":"Galatasaray", "skor2":2, "finished":0},
        {"takim1":"Fenerbahçe", "skor1":0, "takim2":"Hatayspor", "skor2":0, "finished":0}
    ],
          "bay":"Ankaragücü"
     },
     "1": {
          "fikstur":[
        {"takim1":"Rizespor", "skor1":1, "takim2":"Fenerbahçe", "skor2":2, "finished":0},
        {"takim1":"Sivasspor", "skor1":0, "takim2":"Alanyaspor", "skor2":2, "finished":0},
        {"takim1":"Fatih Karagümrük", "skor1":3, "takim2":"Malatyaspor", "skor2":0, "finished":0},
        {"takim1":"Göztepe", "skor1":5, "takim2":"Denizlispor", "skor2":1, "finished":0},
        {"takim1":"Galatasaray", "skor1":3, "takim2":"Gaziantep FK", "skor2":1, "finished":0},
        {"takim1":"Ankaragücü", "skor1":1, "takim2":"Erzurumspor", "skor2":2, "finished":0},
        {"takim1":"Kayserispor", "skor1":1, "takim2":"Kasımpaşa", "skor2":0, "finished":0},
        {"takim1":"Antalyaspor", "skor1":2, "takim2":"Gençlerbirliği", "skor2":0, "finished":0}, 
        {"takim1":"Trabzonspor", "skor1":1, "takim2":"Beşiktaş", "skor2":3, "finished":0},
        {"takim1":"Hatayspor", "skor1":2, "takim2":"Başakşehir", "skor2":0, "finished":0}
    ],
          "bay":"Konyaspor"
     }
}

