{
  "weeks":[
      {"hafta":2,
        "fikstur":[
        {"takim1":"ant", "skor1":0, "takim2":"kon", "skor2":0, "finished":0},
        {"takim1":"crz", "skor1":0, "takim2":"med", "skor2":0, "finished":0},
        {"takim1":"hty", "skor1":0, "takim2":"gfk", "skor2":0, "finished":0},
        {"takim1":"fkg", "skor1":0, "takim2":"dnz", "skor2":0, "finished":0},
        {"takim1":"ag", "skor1":0, "takim2":"als", "skor2":0, "finished":0},
        {"takim1":"svs", "skor1":0, "takim2":"ksp", "skor2":0, "finished":0},
        {"takim1":"gs", "skor1":0, "takim2":"mlt", "skor2":0, "finished":0},
        {"takim1":"goz", "skor1":0, "takim2":"bjk", "skor2":0, "finished":0},
        {"takim1":"kay", "skor1":0, "takim2":"fb", "skor2":0, "finished":0},
        {"takim1":"ts", "skor1":0, "takim2":"gb", "skor2":0, "finished":0}
    ],
          "bay":"erz"
     },
      {"hafta":1,
        "fikstur":[
        {"takim1":"ant", "skor1":0, "takim2":"kon", "skor2":0, "finished":0},
        {"takim1":"crz", "skor1":0, "takim2":"med", "skor2":0, "finished":0},
        {"takim1":"hty", "skor1":0, "takim2":"gfk", "skor2":0, "finished":0},
        {"takim1":"fkg", "skor1":0, "takim2":"dnz", "skor2":0, "finished":0},
        {"takim1":"ag", "skor1":0, "takim2":"als", "skor2":0, "finished":0},
        {"takim1":"svs", "skor1":0, "takim2":"ksp", "skor2":0, "finished":0},
        {"takim1":"gs", "skor1":0, "takim2":"mlt", "skor2":0, "finished":0},
        {"takim1":"goz", "skor1":0, "takim2":"bjk", "skor2":0, "finished":0},
        {"takim1":"kay", "skor1":0, "takim2":"fb", "skor2":0, "finished":0},
        {"takim1":"ts", "skor1":0, "takim2":"gb", "skor2":0, "finished":0}
    ],
          "bay":"erz"
     }
    ],
  
  "takimlar":[
   {
    "teamID": "gs",
    "name": "Galatasaray",
    "renk": ["yellow","red"]
  },
  {
    "teamID": "fb",
    "name": "Fenerbahçe",
    "renk": ["yellow","darkblue"]
  },
  {
    "teamID": "bjk",
    "name": "Beşiktaş",
    "renk": ["black","white"]
  },
  {
    "teamID": "ts",
    "name": "Trabzonspor",
    "renk": ["#760d02","#699ec4"]
  },
  {
    "teamID": "ant",
    "name": "Antalyaspor",
    "renk": ["white","red"]
  },
  {
    "teamID": "als",
    "name": "Alanyaspor",
    "renk": ["#ff6600","#029835"]
  },
  {
    "teamID": "ag",
    "name": "Ankaragücü",
    "renk": ["yellow","darkblue"]
  },
  {
    "teamID": "mlt",
    "name": "Malatyaspor",
    "renk": ["yellow","black"]
  },
  {
    "teamID": "crz",
    "name": "Rizespor",
    "renk": ["blue","green"]
  },
  {
    "teamID": "svs",
    "name": "Sivasspor",
    "renk": ["white","red"]
  },
  {
    "teamID": "gfk",
    "name": "Gaziantep FK",
    "renk": ["red","black"]
  },
  {
    "teamID": "gb",
    "name": "Gençlerbirliği",
    "renk": ["black","red"]
  },
  {
    "teamID": "goz",
    "name": "Göztepe",
    "renk": ["yellow","red"]
  },
  {
    "teamID": "kay",
    "name": "Kayserispor",
    "renk": ["red","yellow"]
  },
  {
    "teamID": "kon",
    "name": "Konyaspor",
    "renk": ["green","white"
    ]
  },
  {
    "teamID": "ksp",
    "name": "Kasımpaşa",
    "renk": ["white","darkblue"]
  },
  {
    "teamID": "med",
    "name": "M.Başakşehir",
    "renk": ["darkblue","orange"]
  },
  {
    "teamID": "dnz",
    "name": "Denizlispor",
    "renk": ["green","black"]
  },
  {
    "teamID": "erz",
    "name": "Erzurumspor",
    "renk": ["blue","white"]
  },
  {
    "teamID": "fkg",
    "name": "Fatih Karagümrük",
    "renk": ["red","black"]
  },
  {
    "teamID": "hty",
    "name": "Hatayspor",
    "renk": ["#800000","white"]
  }
  ]
}
