{
  "gs": {
    "id": "gs",
    "name": "Galatasaray",
    "renk": [
      "yellow",
      "red"
    ]
  },
  "fb": {
    "id": "fb",
    "name": "Fenerbahçe",
    "renk": [
      "yellow",
      "darkblue"
    ]
  },
  "bjk": {
    "id": "bjk",
    "name": "Beşiktaş",
    "renk": [
      "black",
      "white"
    ]
  },
  "ts": {
    "id": "ts",
    "name": "Trabzonspor",
    "renk": [
      "#760d02",
      "#699ec4"
    ]
  },
  "ant": {
    "id": "ant",
    "name": "Antalyaspor",
    "renk": [
      "white",
      "red"
    ]
  },
  "als": {
    "id": "als",
    "name": "Alanyaspor",
    "renk": [
      "#ff6600",
      "#029835"
    ]
  },
  "ag": {
    "id": "ag",
    "name": "Ankaragücü",
    "renk": [
      "yellow",
      "darkblue"
    ]
  },
  "mlt": {
    "id": "mlt",
    "name": "Malatyaspor",
    "renk": [
      "yellow",
      "black"
    ]
  },
  "crz": {
    "id": "crz",
    "name": "Rizespor",
    "renk": [
      "blue",
      "green"
    ]
  },
  "svs": {
    "id": "svs",
    "name": "Sivasspor",
    "renk": [
      "white",
      "red"
    ]
  },
  "gfk": {
    "id": "gfk",
    "name": "Gaziantep FK",
    "renk": [
      "red",
      "black"
    ]
  },
  "gb": {
    "id": "gb",
    "name": "Gençlerbirliği",
    "renk": [
      "black",
      "red"
    ]
  },
  "goz": {
    "id": "goz",
    "name": "Göztepe",
    "renk": [
      "yellow",
      "red"
    ]
  },
  "kay": {
    "id": "kay",
    "name": "Kayserispor",
    "renk": [
      "red",
      "yellow"
    ]
  },
  "kon": {
    "id": "kon",
    "name": "Konyaspor",
    "renk": [
      "green",
      "white"
    ]
  },
  "ksp": {
    "id": "ksp",
    "name": "Kasımpaşa",
    "renk": [
      "white",
      "darkblue"
    ]
  },
  "med": {
    "id": "med",
    "name": "M.Başakşehir",
    "renk": [
      "darkblue",
      "orange"
    ]
  },
  "dnz": {
    "id": "dnz",
    "name": "Denizlispor",
    "renk": [
      "green",
      "black"
    ]
  },
  "erz": {
    "id": "erz",
    "name": "Erzurumspor",
    "renk": [
      "blue",
      "white"
    ]
  },
  "fkg": {
    "id": "fkg",
    "name": "Fatih Karagümrük",
    "renk": [
      "red",
      "black"
    ]
  },
  "hty": {
    "id": "hty",
    "name": "Hatayspor",
    "renk": [
      "#800000",
      "white"
    ]
  }
}
