[
   {
      "id":"01",
      "name":"Ricardo Friedrich",
      "position":"k",
      "point":0
   },
   {
      "id":"02",
      "name":"Korcan Çelikay",
      "position":"k",
      "point":0
   },
   {
      "id":"03",
      "name":"Furkan Bekleviç",
      "position":"k",
      "point":0
   },
   {
      "id":"04",
      "name":"Mert Topuz",
      "position":"k",
      "point":0
   },
   {
      "id":"678",
      "name":"Alperen",
      "position":"d",
      "point":0
   },
   {
      "id":"05",
      "name":"Erdi Dikmen",
      "position":"d",
      "point":0
   },
   {
      "id":"06",
      "name":"Atila Turan",
      "position":"d",
      "point":0
   },
   {
      "id":"07",
      "name":"Sarlija",
      "position":"d",
      "point":0
   },
   {
      "id":"08",
      "name":"Tiago Pinto",
      "position":"d",
      "point":0
   },
   {
      "id":"09",
      "name":"Kitsiou",
      "position":"d",
      "point":0
   },
   {
      "id":"010",
      "name":"Pazdan",
      "position":"d",
      "point":0
   },
   {
      "id":"011",
      "name":"Kulusic",
      "position":"d",
      "point":0
   },
   {
      "id":"012",
      "name":"Atakan Çankaya",
      "position":"d",
      "point":0
   },
   {
      "id":"013",
      "name":"Cebrail Karayel",
      "position":"d",
      "point":0
   },
   {
      "id":"639",
      "name":"Ali Kaan",
      "position":"d",
      "point":0
   },
   {
      "id":"190",
      "name":"İbrahim Akdağ",
      "position":"os",
      "point":0
   },
   {
      "id":"603",
      "name":"Şahverdi",
      "position":"os",
      "point":0
   },
   {
      "id":"014",
      "name":"Alper Potuk",
      "position":"os",
      "point":0
   },
   {
      "id":"015",
      "name":"Paintsil",
      "position":"os",
      "point":0
   },
   {
      "id":"016",
      "name":"Luka Adzic",
      "position":"os",
      "point":0
   },
   {
      "id":"017",
      "name":"Endri Çekici",
      "position":"os",
      "point":0
   },
   {
      "id":"018",
      "name":"Assane Diousse",
      "position":"os",
      "point":0
   },
   {
      "id":"019",
      "name":"Saba Lobzhanidze",
      "position":"os",
      "point":0
   },
   {
      "id":"020",
      "name":"Idriz Voca",
      "position":"os",
      "point":0
   },
   {
      "id":"021",
      "name":"Orkan Çakır",
      "position":"os",
      "point":0
   },
   {
      "id":"022",
      "name":"Daniel Lukasik",
      "position":"os",
      "point":0
   },
   {
      "id":"023",
      "name":"Berke Gürbüz",
      "position":"os",
      "point":0
   },
   {
      "id":"024",
      "name":"Ender Aygören",
      "position":"os",
      "point":0
   },
   {
      "id":"673",
      "name":"Embiya",
      "position":"f",
      "point":0
   },
   {
      "id":"661",
      "name":"Geraldo",
      "position":"f",
      "point":0
   },
   {
      "id":"628",
      "name":"Aliou Badji",
      "position":"f",
      "point":0
   },
   {
      "id":"025",
      "name":"Jonathan Bolingi",
      "position":"f",
      "point":0
   },
   {
      "id":"026",
      "name":"Börven",
      "position":"f",
      "point":0
   },
   {
      "id":"027",
      "name":"Emre Güral",
      "position":"f",
      "point":0
   },
   {
      "id":"028",
      "name":"Mücahit Can Akçay",
      "position":"f",
      "point":0
   },
   {
      "id":"029",
      "name":"Ruud Boffin",
      "position":"k",
      "point":0
   },
   {
      "id":"030",
      "name":"Ferhat Kaplan",
      "position":"k",
      "point":0
   },
   {
      "id":"031",
      "name":"Enes Sancar Şahin",
      "position":"k",
      "point":0
   },
   {
      "id":"032",
      "name":"Yakup Mert Çakır",
      "position":"k",
      "point":0
   },
   {
      "id":"033",
      "name":"Kudryashov",
      "position":"d",
      "point":0
   },
   {
      "id":"034",
      "name":"Naldo",
      "position":"d",
      "point":0
   },
   {
      "id":"035",
      "name":"Veysel",
      "position":"d",
      "point":0
   },
   {
      "id":"036",
      "name":"Bünyamin",
      "position":"d",
      "point":0
   },
   {
      "id":"037",
      "name":"Ersan",
      "position":"d",
      "point":0
   },
   {
      "id":"038",
      "name":"Eren Albayrak",
      "position":"d",
      "point":0
   },
   {
      "id":"039",
      "name":"Ali Eren İyican",
      "position":"d",
      "point":0
   },
   {
      "id":"040",
      "name":"Mert Yılmaz",
      "position":"d",
      "point":0
   },
   {
      "id":"041",
      "name":"Bahadır Öztürk",
      "position":"d",
      "point":0
   },
   {
      "id":"679",
      "name":"Mevlüt Han",
      "position":"os",
      "point":0
   },
   {
      "id":"042",
      "name":"Nuri Şahin",
      "position":"os",
      "point":0
   },
   {
      "id":"043",
      "name":"Serdar Gürler",
      "position":"os",
      "point":0
   },
   {
      "id":"044",
      "name":"Amilton",
      "position":"os",
      "point":0
   },
   {
      "id":"045",
      "name":"Omar İmeri",
      "position":"os",
      "point":0
   },
   {
      "id":"046",
      "name":"Hakan Özmert",
      "position":"os",
      "point":0
   },
   {
      "id":"047",
      "name":"Fredy",
      "position":"os",
      "point":0
   },
   {
      "id":"048",
      "name":"Jean Armel",
      "position":"os",
      "point":0
   },
   {
      "id":"049",
      "name":"Sidney Sam",
      "position":"os",
      "point":0
   },
   {
      "id":"050",
      "name":"Gökdeniz Bayraktar",
      "position":"os",
      "point":0
   },
   {
      "id":"051",
      "name":"Harun Alpsoy",
      "position":"os",
      "point":0
   },
   {
      "id":"052",
      "name":"Doğukan Sinik",
      "position":"os",
      "point":0
   },
   {
      "id":"053",
      "name":"Mukairu",
      "position":"os",
      "point":0
   },
   {
      "id":"054",
      "name":"Ufuk Akyol",
      "position":"os",
      "point":0
   },
   {
      "id":"056",
      "name":"Podolski",
      "position":"f",
      "point":0
   },
   {
      "id":"057",
      "name":"Orgill",
      "position":"f",
      "point":0
   },
   {
      "id":"058",
      "name":"Ufuk Ceylan",
      "position":"k",
      "point":0
   },
   {
      "id":"059",
      "name":"Marafona",
      "position":"k",
      "point":0
   },
   {
      "id":"425",
      "name":"Serkan Kırıntılı",
      "position":"k",
      "point":0
   },
   {
      "id":"060",
      "name":"Çağrı Güney",
      "position":"k",
      "point":0
   },
   {
      "id":"061",
      "name":"Moubandje",
      "position":"d",
      "point":0
   },
   {
      "id":"062",
      "name":"Juanfran",
      "position":"d",
      "point":0
   },
   {
      "id":"063",
      "name":"Tzavellas",
      "position":"d",
      "point":0
   },
   {
      "id":"064",
      "name":"Fatih Aksoy",
      "position":"d",
      "point":0
   },
   {
      "id":"065",
      "name":"Caulker",
      "position":"d",
      "point":0
   },
   {
      "id":"066",
      "name":"Ahmet Gülay",
      "position":"d",
      "point":0
   },
   {
      "id":"067",
      "name":"Alpay Çelebi",
      "position":"d",
      "point":0
   },
   {
      "id":"068",
      "name":"Tayfur Bingöl",
      "position":"d",
      "point":0
   },
   {
      "id":"627",
      "name":"Kadzior",
      "position":"os",
      "point":0
   },
   {
      "id":"069",
      "name":"Davidson",
      "position":"os",
      "point":0
   },
   {
      "id":"071",
      "name":"Efecan",
      "position":"os",
      "point":0
   },
   {
      "id":"072",
      "name":"Ceyhun",
      "position":"os",
      "point":0
   },
   {
      "id":"073",
      "name":"Siopis",
      "position":"os",
      "point":0
   },
   {
      "id":"415",
      "name":"Hasan Acar",
      "position":"os",
      "point":0
   },
   {
      "id":"074",
      "name":"Salih",
      "position":"os",
      "point":0
   },
   {
      "id":"075",
      "name":"Efkan",
      "position":"os",
      "point":0
   },
   {
      "id":"076",
      "name":"Berkan",
      "position":"os",
      "point":0
   },
   {
      "id":"078",
      "name":"Emircan",
      "position":"os",
      "point":0
   },
   {
      "id":"079",
      "name":"Umut Güneş",
      "position":"os",
      "point":0
   },
   {
      "id":"080",
      "name":"Babacar",
      "position":"f",
      "point":0
   },
   {
      "id":"081",
      "name":"Bareiro",
      "position":"f",
      "point":0
   },
   {
      "id":"082",
      "name":"Mustafa Pektemek",
      "position":"f",
      "point":0
   },
   {
      "id":"083",
      "name":"Ersin",
      "position":"k",
      "point":0
   },
   {
      "id":"084",
      "name":"Emre Bilgin",
      "position":"k",
      "point":0
   },
   {
      "id":"085",
      "name":"Utku Yuvakuran",
      "position":"k",
      "point":0
   },
   {
      "id":"086",
      "name":"Vida",
      "position":"d",
      "point":0
   },
   {
      "id":"087",
      "name":"Welinton",
      "position":"d",
      "point":0
   },
   {
      "id":"088",
      "name":"Rosier",
      "position":"d",
      "point":0
   },
   {
      "id":"089",
      "name":"Montero",
      "position":"d",
      "point":0
   },
   {
      "id":"090",
      "name":"N'Sakala",
      "position":"d",
      "point":0
   },
   {
      "id":"091",
      "name":"Douglas",
      "position":"d",
      "point":0
   },
   {
      "id":"093",
      "name":"Rıdvan Yılmaz",
      "position":"d",
      "point":0
   },
   {
      "id":"094",
      "name":"Erdoğan Kaya",
      "position":"d",
      "point":0
   },
   {
      "id":"095",
      "name":"Ghezzal",
      "position":"os",
      "point":0
   },
   {
      "id":"096",
      "name":"Ljajic",
      "position":"os",
      "point":0
   },
   {
      "id":"097",
      "name":"N'Koudou",
      "position":"os",
      "point":0
   },
   {
      "id":"098",
      "name":"Mensah",
      "position":"os",
      "point":0
   },
   {
      "id":"101",
      "name":"Gökhan Töre",
      "position":"os",
      "point":0
   },
   {
      "id":"102",
      "name":"Dorukhan",
      "position":"os",
      "point":0
   },
   {
      "id":"103",
      "name":"Atiba",
      "position":"os",
      "point":0
   },
   {
      "id":"104",
      "name":"Josef de Souza",
      "position":"os",
      "point":0
   },
   {
      "id":"105",
      "name":"Oğuzhan",
      "position":"os",
      "point":0
   },
   {
      "id":"106",
      "name":"Hasic",
      "position":"os",
      "point":0
   },
   {
      "id":"107",
      "name":"Necip",
      "position":"os",
      "point":0
   },
   {
      "id":"108",
      "name":"Muhayer Oktay",
      "position":"os",
      "point":0
   },
   {
      "id":"109",
      "name":"Hüseyin Atakan Üner",
      "position":"os",
      "point":0
   },
   {
      "id":"110",
      "name":"Kartal Yılmaz",
      "position":"os",
      "point":0
   },
   {
      "id":"111",
      "name":"Aboubakar",
      "position":"f",
      "point":0
   },
   {
      "id":"112",
      "name":"Larin",
      "position":"f",
      "point":0
   },
   {
      "id":"113",
      "name":"Cenk Tosun",
      "position":"f",
      "point":0
   },
   {
      "id":"114",
      "name":"Gökhan Akkan",
      "position":"k",
      "point":0
   },
   {
      "id":"115",
      "name":"Zafer Görgen",
      "position":"k",
      "point":0
   },
   {
      "id":"116",
      "name":"Tarık Çetin",
      "position":"k",
      "point":0
   },
   {
      "id":"117",
      "name":"Boğaçhan Kazmaz",
      "position":"k",
      "point":0
   },
   {
      "id":"118",
      "name":"Melnijak",
      "position":"d",
      "point":0
   },
   {
      "id":"119",
      "name":"Moroziuk",
      "position":"d",
      "point":0
   },
   {
      "id":"120",
      "name":"İsmail Köybaşı",
      "position":"d",
      "point":0
   },
   {
      "id":"121",
      "name":"Talbi",
      "position":"d",
      "point":0
   },
   {
      "id":"122",
      "name":"Meriah",
      "position":"d",
      "point":0
   },
   {
      "id":"123",
      "name":"Emir Dilaver",
      "position":"d",
      "point":0
   },
   {
      "id":"124",
      "name":"Chatziisaias",
      "position":"d",
      "point":0
   },
   {
      "id":"125",
      "name":"Selim Ay",
      "position":"d",
      "point":0
   },
   {
      "id":"126",
      "name":"Murat Sağlam",
      "position":"d",
      "point":0
   },
   {
      "id":"127",
      "name":"Alberk Koç",
      "position":"d",
      "point":0
   },
   {
      "id":"128",
      "name":"Emin Han Topçu",
      "position":"d",
      "point":0
   },
   {
      "id":"643",
      "name":"Dokovic",
      "position":"os",
      "point":0
   },
   {
      "id":"219",
      "name":"Erik Sabo",
      "position":"os",
      "point":0
   },
   {
      "id":"129",
      "name":"Samudio",
      "position":"os",
      "point":0
   },
   {
      "id":"130",
      "name":"Andrade",
      "position":"os",
      "point":0
   },
   {
      "id":"131",
      "name":"Boldrin",
      "position":"os",
      "point":0
   },
   {
      "id":"132",
      "name":"Aminu Umar",
      "position":"os",
      "point":0
   },
   {
      "id":"133",
      "name":"Tunay Torun",
      "position":"os",
      "point":0
   },
   {
      "id":"134",
      "name":"Jovancic",
      "position":"os",
      "point":0
   },
   {
      "id":"135",
      "name":"Donsah",
      "position":"os",
      "point":0
   },
   {
      "id":"136",
      "name":"Michalak",
      "position":"os",
      "point":0
   },
   {
      "id":"137",
      "name":"Baiano",
      "position":"os",
      "point":0
   },
   {
      "id":"138",
      "name":"Abdullah Durak",
      "position":"os",
      "point":0
   },
   {
      "id":"140",
      "name":"Mithat Pala",
      "position":"os",
      "point":0
   },
   {
      "id":"141",
      "name":"Onur Bulut",
      "position":"os",
      "point":0
   },
   {
      "id":"142",
      "name":"Doğan Erdoğan",
      "position":"os",
      "point":0
   },
   {
      "id":"143",
      "name":"Yasin Pehlivan",
      "position":"os",
      "point":0
   },
   {
      "id":"644",
      "name":"Soderlund",
      "position":"f",
      "point":0
   },
   {
      "id":"144",
      "name":"Remy",
      "position":"f",
      "point":0
   },
   {
      "id":"145",
      "name":"Skoda",
      "position":"f",
      "point":0
   },
   {
      "id":"146",
      "name":"Kemal Rüzgar",
      "position":"f",
      "point":0
   },
   {
      "id":"147",
      "name":"Samassa",
      "position":"k",
      "point":0
   },
   {
      "id":"148",
      "name":"Muammer Yıldırım",
      "position":"k",
      "point":0
   },
   {
      "id":"149",
      "name":"Ali Şaşal Vural",
      "position":"k",
      "point":0
   },
   {
      "id":"662",
      "name":"Alaaddin",
      "position":"d",
      "point":0
   },
   {
      "id":"150",
      "name":"Goiano",
      "position":"d",
      "point":0
   },
   {
      "id":"151",
      "name":"Caner O.",
      "position":"d",
      "point":0
   },
   {
      "id":"152",
      "name":"Ziya Erdal",
      "position":"d",
      "point":0
   },
   {
      "id":"153",
      "name":"Camara",
      "position":"d",
      "point":0
   },
   {
      "id":"154",
      "name":"Appindangoye",
      "position":"d",
      "point":0
   },
   {
      "id":"155",
      "name":"Uğur Çiftçi",
      "position":"d",
      "point":0
   },
   {
      "id":"460",
      "name":"Ahmet Oğuz",
      "position":"d",
      "point":0
   },
   {
      "id":"100",
      "name":"Tyler Boyd",
      "position":"os",
      "point":0
   },
   {
      "id":"157",
      "name":"Max Gradel",
      "position":"os",
      "point":0
   },
   {
      "id":"158",
      "name":"Ninga",
      "position":"os",
      "point":0
   },
   {
      "id":"159",
      "name":"Yasin Öztekin",
      "position":"os",
      "point":0
   },
   {
      "id":"160",
      "name":"Jorge Felix",
      "position":"os",
      "point":0
   },
   {
      "id":"161",
      "name":"Robin Yalçın",
      "position":"os",
      "point":0
   },
   {
      "id":"162",
      "name":"Sergey Rybalka",
      "position":"os",
      "point":0
   },
   {
      "id":"163",
      "name":"Fayçal Fajr",
      "position":"os",
      "point":0
   },
   {
      "id":"164",
      "name":"Hakan Arslan",
      "position":"os",
      "point":0
   },
   {
      "id":"165",
      "name":"Djerlek",
      "position":"os",
      "point":0
   },
   {
      "id":"166",
      "name":"Erdoğan Yeşilyurt",
      "position":"os",
      "point":0
   },
   {
      "id":"167",
      "name":"Claudemir",
      "position":"os",
      "point":0
   },
   {
      "id":"168",
      "name":"Cofie",
      "position":"os",
      "point":0
   },
   {
      "id":"169",
      "name":"Eren Şahin",
      "position":"os",
      "point":0
   },
   {
      "id":"170",
      "name":"Kerem Atakan Kesgin",
      "position":"os",
      "point":0
   },
   {
      "id":"171",
      "name":"Yatabare",
      "position":"f",
      "point":0
   },
   {
      "id":"172",
      "name":"Kayode",
      "position":"f",
      "point":0
   },
   {
      "id":"173",
      "name":"Kone",
      "position":"f",
      "point":0
   },
   {
      "id":"174",
      "name":"Farnolle",
      "position":"k",
      "point":0
   },
   {
      "id":"175",
      "name":"Kayacan Erdoğan",
      "position":"k",
      "point":0
   },
   {
      "id":"176",
      "name":"Batuhan Ünsal",
      "position":"k",
      "point":0
   },
   {
      "id":"616",
      "name":"Szumski",
      "position":"k",
      "point":0
   },
   {
      "id":"641",
      "name":"Göktuğ",
      "position":"k",
      "point":0
   },
   {
      "id":"649",
      "name":"Butko",
      "position":"d",
      "point":0
   },
   {
      "id":"617",
      "name":"Da Costa",
      "position":"d",
      "point":0
   },
   {
      "id":"177",
      "name":"Mina",
      "position":"d",
      "point":0
   },
   {
      "id":"178",
      "name":"Leo Schwechlen",
      "position":"d",
      "point":0
   },
   {
      "id":"179",
      "name":"Adolphe Teikeu",
      "position":"d",
      "point":0
   },
   {
      "id":"180",
      "name":"Gökhan Kardeş",
      "position":"d",
      "point":0
   },
   {
      "id":"181",
      "name":"Mücahid Albayrak",
      "position":"d",
      "point":0
   },
   {
      "id":"182",
      "name":"Osman Çelik",
      "position":"d",
      "point":0
   },
   {
      "id":"183",
      "name":"Kaan Kanak",
      "position":"d",
      "point":0
   },
   {
      "id":"184",
      "name":"Hasan Hatipoğlu",
      "position":"d",
      "point":0
   },
   {
      "id":"185",
      "name":"Murat Uçar",
      "position":"d",
      "point":0
   },
   {
      "id":"186",
      "name":"Cenk Ahmet Alkılıç",
      "position":"d",
      "point":0
   },
   {
      "id":"587",
      "name":"Bergdich",
      "position":"d",
      "point":0
   },
   {
      "id":"675",
      "name":"Özgür Sert",
      "position":"os",
      "point":0
   },
   {
      "id":"650",
      "name":"Buğra",
      "position":"os",
      "point":0
   },
   {
      "id":"407",
      "name":"Rashani",
      "position":"os",
      "point":0
   },
   {
      "id":"618",
      "name":"Omolo",
      "position":"os",
      "point":0
   },
   {
      "id":"214",
      "name":"Chahechouhe",
      "position":"os",
      "point":0
   },
   {
      "id":"220",
      "name":"Brahim Darri",
      "position":"os",
      "point":0
   },
   {
      "id":"187",
      "name":"Gabriel Obertan",
      "position":"os",
      "point":0
   },
   {
      "id":"188",
      "name":"Emrah Başsan",
      "position":"os",
      "point":0
   },
   {
      "id":"189",
      "name":"Novikovas",
      "position":"os",
      "point":0
   },
   {
      "id":"191",
      "name":"Donald",
      "position":"os",
      "point":0
   },
   {
      "id":"192",
      "name":"Boumal",
      "position":"os",
      "point":0
   },
   {
      "id":"193",
      "name":"Hamroun",
      "position":"os",
      "point":0
   },
   {
      "id":"194",
      "name":"Sissokko",
      "position":"os",
      "point":0
   },
   {
      "id":"195",
      "name":"Gomes",
      "position":"f",
      "point":0
   },
   {
      "id":"196",
      "name":"Sadiku",
      "position":"f",
      "point":0
   },
   {
      "id":"197",
      "name":"Rashad Muhammed",
      "position":"f",
      "point":0
   },
   {
      "id":"198",
      "name":"El Kabir",
      "position":"f",
      "point":0
   },
   {
      "id":"199",
      "name":"Oltan Karakullukçu",
      "position":"f",
      "point":0
   },
   {
      "id":"200",
      "name":"Viviano",
      "position":"k",
      "point":0
   },
   {
      "id":"201",
      "name":"Aykut Özer",
      "position":"k",
      "point":0
   },
   {
      "id":"202",
      "name":"Muzaffer Kablan",
      "position":"k",
      "point":0
   },
   {
      "id":"203",
      "name":"Yavuz Aygün",
      "position":"k",
      "point":0
   },
   {
      "id":"523",
      "name":"Gaston Campi",
      "position":"d",
      "point":0
   },
   {
      "id":"606",
      "name":"Hedenstad",
      "position":"d",
      "point":0
   },
   {
      "id":"204",
      "name":"Enzo Roco",
      "position":"d",
      "point":0
   },
   {
      "id":"205",
      "name":"Eric Lichaj",
      "position":"d",
      "point":0
   },
   {
      "id":"206",
      "name":"Balkovec",
      "position":"d",
      "point":0
   },
   {
      "id":"207",
      "name":"Alparslan Erdem",
      "position":"d",
      "point":0
   },
   {
      "id":"208",
      "name":"Zukanovic",
      "position":"d",
      "point":0
   },
   {
      "id":"209",
      "name":"Dobrovoljc",
      "position":"d",
      "point":0
   },
   {
      "id":"210",
      "name":"Murat Sarıgül",
      "position":"d",
      "point":0
   },
   {
      "id":"211",
      "name":"Koray Altınay",
      "position":"d",
      "point":0
   },
   {
      "id":"212",
      "name":"Fatih Kuruçuk",
      "position":"d",
      "point":0
   },
   {
      "id":"099",
      "name":"Lens",
      "position":"os",
      "point":0
   },
   {
      "id":"635",
      "name":"Castro",
      "position":"os",
      "point":0
   },
   {
      "id":"626",
      "name":"Serhat Ahmetoğlu",
      "position":"os",
      "point":0
   },
   {
      "id":"681",
      "name":"Muhammed Pehlivan",
      "position":"os",
      "point":0
   },
   {
      "id":"604",
      "name":"Emre Çolak",
      "position":"os",
      "point":0
   },
   {
      "id":"605",
      "name":"Borini",
      "position":"os",
      "point":0
   },
   {
      "id":"213",
      "name":"Salibur",
      "position":"os",
      "point":0
   },
   {
      "id":"215",
      "name":"Jimmy Durmaz",
      "position":"os",
      "point":0
   },
   {
      "id":"607",
      "name":"Bertolacci",
      "position":"os",
      "point":0
   },
   {
      "id":"216",
      "name":"Jorquera",
      "position":"os",
      "point":0
   },
   {
      "id":"217",
      "name":"Biglia",
      "position":"os",
      "point":0
   },
   {
      "id":"218",
      "name":"Bodou Ndiaye",
      "position":"os",
      "point":0
   },
   {
      "id":"221",
      "name":"Ndao",
      "position":"os",
      "point":0
   },
   {
      "id":"222",
      "name":"Efe Tatlı",
      "position":"os",
      "point":0
   },
   {
      "id":"224",
      "name":"Zeki Yıldırım",
      "position":"os",
      "point":0
   },
   {
      "id":"225",
      "name":"Aksel Aktaş",
      "position":"os",
      "point":0
   },
   {
      "id":"227",
      "name":"Mevlüt Erdinç",
      "position":"f",
      "point":0
   },
   {
      "id":"228",
      "name":"Vato Arveladze",
      "position":"f",
      "point":0
   },
   {
      "id":"229",
      "name":"Sobiech",
      "position":"f",
      "point":0
   },
   {
      "id":"257",
      "name":"Kemal Ademi",
      "position":"f",
      "point":0
   },
   {
      "id":"230",
      "name":"Altay Bayındır",
      "position":"k",
      "point":0
   },
   {
      "id":"231",
      "name":"Harun Tekin",
      "position":"k",
      "point":0
   },
   {
      "id":"232",
      "name":"Ahmet Oytun Özdoğan",
      "position":"k",
      "point":0
   },
   {
      "id":"233",
      "name":"Caner Erkin",
      "position":"d",
      "point":0
   },
   {
      "id":"234",
      "name":"Novak",
      "position":"d",
      "point":0
   },
   {
      "id":"235",
      "name":"Gökhan Gönül",
      "position":"d",
      "point":0
   },
   {
      "id":"236",
      "name":"Serdar Aziz",
      "position":"d",
      "point":0
   },
   {
      "id":"237",
      "name":"Tisserand",
      "position":"d",
      "point":0
   },
   {
      "id":"238",
      "name":"Sangare",
      "position":"d",
      "point":0
   },
   {
      "id":"239",
      "name":"Lemos",
      "position":"d",
      "point":0
   },
   {
      "id":"241",
      "name":"Sadık",
      "position":"d",
      "point":0
   },
   {
      "id":"619",
      "name":"Slazai",
      "position":"d",
      "point":0
   },
   {
      "id":"503",
      "name":"İrfan Can",
      "position":"os",
      "point":0
   },
   {
      "id":"645",
      "name":"Osayi Samuel",
      "position":"os",
      "point":0
   },
   {
      "id":"622",
      "name":"Mesut Özil",
      "position":"os",
      "point":0
   },
   {
      "id":"620",
      "name":"Yiğit",
      "position":"os",
      "point":0
   },
   {
      "id":"621",
      "name":"İsmail Yüksek",
      "position":"os",
      "point":0
   },
   {
      "id":"242",
      "name":"Sosa",
      "position":"os",
      "point":0
   },
   {
      "id":"243",
      "name":"Perotti",
      "position":"os",
      "point":0
   },
   {
      "id":"244",
      "name":"Garry Rodrigues",
      "position":"os",
      "point":0
   },
   {
      "id":"245",
      "name":"Thiam",
      "position":"os",
      "point":0
   },
   {
      "id":"246",
      "name":"Gustavo",
      "position":"os",
      "point":0
   },
   {
      "id":"247",
      "name":"Sinan Gümüş",
      "position":"os",
      "point":0
   },
   {
      "id":"248",
      "name":"Ozan Tufan",
      "position":"os",
      "point":0
   },
   {
      "id":"249",
      "name":"Mert Hakan",
      "position":"os",
      "point":0
   },
   {
      "id":"250",
      "name":"Ferdi",
      "position":"os",
      "point":0
   },
   {
      "id":"251",
      "name":"Pelkas",
      "position":"os",
      "point":0
   },
   {
      "id":"253",
      "name":"Ömer Faruk",
      "position":"os",
      "point":0
   },
   {
      "id":"254",
      "name":"Samatta",
      "position":"f",
      "point":0
   },
   {
      "id":"255",
      "name":"Valencia",
      "position":"f",
      "point":0
   },
   {
      "id":"256",
      "name":"Cisse",
      "position":"f",
      "point":0
   },
   {
      "id":"258",
      "name":"Muslera",
      "position":"k",
      "point":0
   },
   {
      "id":"259",
      "name":"Fatih Öztürk",
      "position":"k",
      "point":0
   },
   {
      "id":"260",
      "name":"Okan Kocuk",
      "position":"k",
      "point":0
   },
   {
      "id":"261",
      "name":"Luyindama",
      "position":"d",
      "point":0
   },
   {
      "id":"262",
      "name":"Marcao",
      "position":"d",
      "point":0
   },
   {
      "id":"263",
      "name":"Saracchi",
      "position":"d",
      "point":0
   },
   {
      "id":"264",
      "name":"Donk",
      "position":"d",
      "point":0
   },
   {
      "id":"265",
      "name":"Linnes",
      "position":"d",
      "point":0
   },
   {
      "id":"266",
      "name":"Elabdellaoui",
      "position":"d",
      "point":0
   },
   {
      "id":"267",
      "name":"Emre Taşdemir",
      "position":"d",
      "point":0
   },
   {
      "id":"268",
      "name":"Şener Özbayraklı",
      "position":"d",
      "point":0
   },
   {
      "id":"269",
      "name":"Ozornwafor",
      "position":"d",
      "point":0
   },
   {
      "id":"647",
      "name":"Yedlin",
      "position":"d",
      "point":0
   },
   {
      "id":"270",
      "name":"Gedson",
      "position":"os",
      "point":0
   },
   {
      "id":"271",
      "name":"Feghouli",
      "position":"os",
      "point":0
   },
   {
      "id":"272",
      "name":"Belhanda",
      "position":"os",
      "point":0
   },
   {
      "id":"273",
      "name":"Emre Kılınç",
      "position":"os",
      "point":0
   },
   {
      "id":"274",
      "name":"Emre Akbaba",
      "position":"os",
      "point":0
   },
   {
      "id":"275",
      "name":"Babel",
      "position":"os",
      "point":0
   },
   {
      "id":"276",
      "name":"Arda Turan",
      "position":"os",
      "point":0
   },
   {
      "id":"277",
      "name":"Etebo",
      "position":"os",
      "point":0
   },
   {
      "id":"278",
      "name":"Ömer Bayram",
      "position":"os",
      "point":0
   },
   {
      "id":"279",
      "name":"Taylan",
      "position":"os",
      "point":0
   },
   {
      "id":"280",
      "name":"Oğulcan",
      "position":"os",
      "point":0
   },
   {
      "id":"282",
      "name":"Kerem Aktürkoğlu",
      "position":"os",
      "point":0
   },
   {
      "id":"630",
      "name":"Onyekuru",
      "position":"os",
      "point":0
   },
   {
      "id":"631",
      "name":"Halil Dervişoğlu",
      "position":"f",
      "point":0
   },
   {
      "id":"283",
      "name":"Falcao",
      "position":"f",
      "point":0
   },
   {
      "id":"284",
      "name":"Mohamed",
      "position":"f",
      "point":0
   },
   {
      "id":"286",
      "name":"Günay",
      "position":"k",
      "point":0
   },
   {
      "id":"287",
      "name":"Çağlar Akbaba",
      "position":"k",
      "point":0
   },
   {
      "id":"288",
      "name":"Burak Bozan",
      "position":"k",
      "point":0
   },
   {
      "id":"671",
      "name":"Miranda",
      "position":"d",
      "point":0
   },
   {
      "id":"663",
      "name":"Ertuğrul",
      "position":"d",
      "point":0
   },
   {
      "id":"289",
      "name":"Djilobodji",
      "position":"d",
      "point":0
   },
   {
      "id":"290",
      "name":"Kana Bıyık",
      "position":"d",
      "point":0
   },
   {
      "id":"291",
      "name":"Tosca",
      "position":"d",
      "point":0
   },
   {
      "id":"292",
      "name":"Junior Morais",
      "position":"d",
      "point":0
   },
   {
      "id":"293",
      "name":"Olkowski",
      "position":"d",
      "point":0
   },
   {
      "id":"294",
      "name":"Oğuz Ceylan",
      "position":"d",
      "point":0
   },
   {
      "id":"295",
      "name":"Ulaş Zengin",
      "position":"d",
      "point":0
   },
   {
      "id":"296",
      "name":"Mehmet Erdem",
      "position":"d",
      "point":0
   },
   {
      "id":"651",
      "name":"Osama Rashid",
      "position":"os",
      "point":0
   },
   {
      "id":"535",
      "name":"Bilal Başaçıkoğlu",
      "position":"os",
      "point":0
   },
   {
      "id":"297",
      "name":"Mirallas",
      "position":"os",
      "point":0
   },
   {
      "id":"298",
      "name":"Güray",
      "position":"os",
      "point":0
   },
   {
      "id":"299",
      "name":"Cenk Şahin",
      "position":"os",
      "point":0
   },
   {
      "id":"300",
      "name":"Kozulj",
      "position":"os",
      "point":0
   },
   {
      "id":"301",
      "name":"Vetrih",
      "position":"os",
      "point":0
   },
   {
      "id":"302",
      "name":"Tetteh",
      "position":"os",
      "point":0
   },
   {
      "id":"303",
      "name":"Maxim",
      "position":"os",
      "point":0
   },
   {
      "id":"304",
      "name":"Andre Sousa",
      "position":"os",
      "point":0
   },
   {
      "id":"305",
      "name":"Kenan Özer",
      "position":"os",
      "point":0
   },
   {
      "id":"306",
      "name":"Furkan Soyalp",
      "position":"os",
      "point":0
   },
   {
      "id":"307",
      "name":"Jefferson",
      "position":"os",
      "point":0
   },
   {
      "id":"309",
      "name":"Ali Ateş",
      "position":"os",
      "point":0
   },
   {
      "id":"674",
      "name":"Mirza",
      "position":"os",
      "point":0
   },
   {
      "id":"310",
      "name":"Andre Ribeiro",
      "position":"f",
      "point":0
   },
   {
      "id":"311",
      "name":"Dicko",
      "position":"f",
      "point":0
   },
   {
      "id":"312",
      "name":"Muhammet Demir",
      "position":"f",
      "point":0
   },
   {
      "id":"313",
      "name":"Nordfeldt",
      "position":"k",
      "point":0
   },
   {
      "id":"314",
      "name":"Übeyd Adıyaman",
      "position":"k",
      "point":0
   },
   {
      "id":"315",
      "name":"Toure",
      "position":"d",
      "point":0
   },
   {
      "id":"316",
      "name":"Johansson",
      "position":"d",
      "point":0
   },
   {
      "id":"317",
      "name":"Diego Angelo",
      "position":"d",
      "point":0
   },
   {
      "id":"318",
      "name":"Halil İbrahim",
      "position":"d",
      "point":0
   },
   {
      "id":"319",
      "name":"Abdullah",
      "position":"d",
      "point":0
   },
   {
      "id":"320",
      "name":"Polomat",
      "position":"d",
      "point":0
   },
   {
      "id":"321",
      "name":"Ömürcan",
      "position":"d",
      "point":0
   },
   {
      "id":"322",
      "name":"Kadir Enes",
      "position":"d",
      "point":0
   },
   {
      "id":"323",
      "name":"Salih Dursun",
      "position":"d",
      "point":0
   },
   {
      "id":"324",
      "name":"Arda Kızıldağ",
      "position":"d",
      "point":0
   },
   {
      "id":"556",
      "name":"Mustafa Akbaş",
      "position":"d",
      "point":0
   },
   {
      "id":"672",
      "name":"Metehan Mert",
      "position":"d",
      "point":0
   },
   {
      "id":"665",
      "name":"Mugni",
      "position":"os",
      "point":0
   },
   {
      "id":"646",
      "name":"Spiridonovic",
      "position":"os",
      "point":0
   },
   {
      "id":"325",
      "name":"Floyd Ayit",
      "position":"os",
      "point":0
   },
   {
      "id":"326",
      "name":"Candeias",
      "position":"os",
      "point":0
   },
   {
      "id":"327",
      "name":"Dominik Furman",
      "position":"os",
      "point":0
   },
   {
      "id":"328",
      "name":"Murat Yıldırım",
      "position":"os",
      "point":0
   },
   {
      "id":"329",
      "name":"Piris Da Motta",
      "position":"os",
      "point":0
   },
   {
      "id":"330",
      "name":"Mustafa Hüseyin",
      "position":"os",
      "point":0
   },
   {
      "id":"331",
      "name":"Sefa Yılmaz",
      "position":"os",
      "point":0
   },
   {
      "id":"332",
      "name":"Soner Dikmen",
      "position":"os",
      "point":0
   },
   {
      "id":"333",
      "name":"Mustafa Çeçenoğlu",
      "position":"os",
      "point":0
   },
   {
      "id":"335",
      "name":"Rahmetullah",
      "position":"os",
      "point":0
   },
   {
      "id":"669",
      "name":"Lima",
      "position":"f",
      "point":0
   },
   {
      "id":"336",
      "name":"Stancu",
      "position":"f",
      "point":0
   },
   {
      "id":"337",
      "name":"Giovanni Sio",
      "position":"f",
      "point":0
   },
   {
      "id":"338",
      "name":"Gökhan Altıparmak",
      "position":"f",
      "point":0
   },
   {
      "id":"339",
      "name":"İlker Karakaş",
      "position":"f",
      "point":0
   },
   {
      "id":"340",
      "name":"Baran Başyiğit",
      "position":"f",
      "point":0
   },
   {
      "id":"341",
      "name":"Megyeri",
      "position":"k",
      "point":0
   },
   {
      "id":"342",
      "name":"İrfan Can Eğribayat",
      "position":"k",
      "point":0
   },
   {
      "id":"343",
      "name":"Arda Özçimen",
      "position":"k",
      "point":0
   },
   {
      "id":"344",
      "name":"Gassama",
      "position":"d",
      "point":0
   },
   {
      "id":"345",
      "name":"Titi",
      "position":"d",
      "point":0
   },
   {
      "id":"346",
      "name":"Atınç Nukan",
      "position":"d",
      "point":0
   },
   {
      "id":"347",
      "name":"Mihojevic",
      "position":"d",
      "point":0
   },
   {
      "id":"348",
      "name":"Berkan Emir",
      "position":"d",
      "point":0
   },
   {
      "id":"349",
      "name":"Alpaslan Öztürk",
      "position":"d",
      "point":0
   },
   {
      "id":"350",
      "name":"Burekovic",
      "position":"d",
      "point":0
   },
   {
      "id":"351",
      "name":"Murat Paluli",
      "position":"d",
      "point":0
   },
   {
      "id":"614",
      "name":"Kerim Alıcı",
      "position":"d",
      "point":0
   },
   {
      "id":"529",
      "name":"Diabate",
      "position":"os",
      "point":0
   },
   {
      "id":"623",
      "name":"Beykan",
      "position":"os",
      "point":0
   },
   {
      "id":"613",
      "name":"Peter Zulj",
      "position":"os",
      "point":0
   },
   {
      "id":"602",
      "name":"Yalçın Kayan",
      "position":"os",
      "point":0
   },
   {
      "id":"352",
      "name":"Esiti",
      "position":"os",
      "point":0
   },
   {
      "id":"353",
      "name":"Mossoro",
      "position":"os",
      "point":0
   },
   {
      "id":"354",
      "name":"Soner Aydoğdu",
      "position":"os",
      "point":0
   },
   {
      "id":"355",
      "name":"Poko",
      "position":"os",
      "point":0
   },
   {
      "id":"356",
      "name":"Halil Akbunar",
      "position":"os",
      "point":0
   },
   {
      "id":"357",
      "name":"Napoleoni",
      "position":"os",
      "point":0
   },
   {
      "id":"358",
      "name":"Nwobodo",
      "position":"os",
      "point":0
   },
   {
      "id":"359",
      "name":"Tripic",
      "position":"os",
      "point":0
   },
   {
      "id":"360",
      "name":"Metin Yıldırım",
      "position":"os",
      "point":0
   },
   {
      "id":"361",
      "name":"Efe Binici",
      "position":"os",
      "point":0
   },
   {
      "id":"362",
      "name":"Kubilay Sönmez",
      "position":"os",
      "point":0
   },
   {
      "id":"363",
      "name":"Burak Süleyman",
      "position":"os",
      "point":0
   },
   {
      "id":"364",
      "name":"Batuhan Kırdaroğlu",
      "position":"os",
      "point":0
   },
   {
      "id":"055",
      "name":"Jahovic",
      "position":"f",
      "point":0
   },
   {
      "id":"365",
      "name":"Brown İdeye",
      "position":"f",
      "point":0
   },
   {
      "id":"366",
      "name":"Cherif Ndiaye",
      "position":"f",
      "point":0
   },
   {
      "id":"367",
      "name":"Munir",
      "position":"k",
      "point":0
   },
   {
      "id":"368",
      "name":"Akın Alkan",
      "position":"k",
      "point":0
   },
   {
      "id":"369",
      "name":"Süleyman Çamlıca",
      "position":"k",
      "point":0
   },
   {
      "id":"670",
      "name":"Youssouf Kone",
      "position":"d",
      "point":0
   },
   {
      "id":"370",
      "name":"Popov",
      "position":"d",
      "point":0
   },
   {
      "id":"371",
      "name":"Jean Billong",
      "position":"d",
      "point":0
   },
   {
      "id":"372",
      "name":"Katranis",
      "position":"d",
      "point":0
   },
   {
      "id":"373",
      "name":"Pablo Santos",
      "position":"d",
      "point":0
   },
   {
      "id":"374",
      "name":"Yusuf Abdioğlu",
      "position":"d",
      "point":0
   },
   {
      "id":"375",
      "name":"Mesut Çaytemel",
      "position":"d",
      "point":0
   },
   {
      "id":"376",
      "name":"Soner Örnek",
      "position":"d",
      "point":0
   },
   {
      "id":"377",
      "name":"Muhammed Mert",
      "position":"os",
      "point":0
   },
   {
      "id":"378",
      "name":"Akintola",
      "position":"os",
      "point":0
   },
   {
      "id":"379",
      "name":"Isaac Sackey",
      "position":"os",
      "point":0
   },
   {
      "id":"380",
      "name":"Ruben Ribeiro",
      "position":"os",
      "point":0
   },
   {
      "id":"381",
      "name":"Gökhan Karadeniz",
      "position":"os",
      "point":0
   },
   {
      "id":"382",
      "name":"Noss Traore",
      "position":"os",
      "point":0
   },
   {
      "id":"383",
      "name":"Idir Ouali",
      "position":"os",
      "point":0
   },
   {
      "id":"384",
      "name":"Joseph Akomadi",
      "position":"os",
      "point":0
   },
   {
      "id":"385",
      "name":"Rayane Aabid",
      "position":"os",
      "point":0
   },
   {
      "id":"386",
      "name":"Selim Ilgaz",
      "position":"os",
      "point":0
   },
   {
      "id":"387",
      "name":"Abdurrahman Canlı",
      "position":"os",
      "point":0
   },
   {
      "id":"388",
      "name":"Burak Çamoğlu",
      "position":"os",
      "point":0
   },
   {
      "id":"609",
      "name":"Kamara",
      "position":"f",
      "point":0
   },
   {
      "id":"389",
      "name":"Mame Diouf",
      "position":"f",
      "point":0
   },
   {
      "id":"390",
      "name":"Aaron Boupendza",
      "position":"f",
      "point":0
   },
   {
      "id":"391",
      "name":"Mirkan Aydın",
      "position":"f",
      "point":0
   },
   {
      "id":"392",
      "name":"Dame Diop",
      "position":"f",
      "point":0
   },
   {
      "id":"393",
      "name":"Lung",
      "position":"k",
      "point":0
   },
   {
      "id":"394",
      "name":"Doğan Alemdar",
      "position":"k",
      "point":0
   },
   {
      "id":"395",
      "name":"İsmail Çipe",
      "position":"k",
      "point":0
   },
   {
      "id":"396",
      "name":"Nuh Naci Kırklancıoğlu",
      "position":"k",
      "point":0
   },
   {
      "id":"653",
      "name":"Nehun Paz",
      "position":"d",
      "point":0
   },
   {
      "id":"397",
      "name":"Sapunaru",
      "position":"d",
      "point":0
   },
   {
      "id":"398",
      "name":"Aziz Behich",
      "position":"d",
      "point":0
   },
   {
      "id":"399",
      "name":"Miguel Lopes",
      "position":"d",
      "point":0
   },
   {
      "id":"400",
      "name":"Attamah",
      "position":"d",
      "point":0
   },
   {
      "id":"401",
      "name":"Kolovetsios",
      "position":"d",
      "point":0
   },
   {
      "id":"402",
      "name":"Yasir Subaşı",
      "position":"d",
      "point":0
   },
   {
      "id":"403",
      "name":"Oğuzhan Çapar",
      "position":"d",
      "point":0
   },
   {
      "id":"404",
      "name":"Adem Doğan",
      "position":"d",
      "point":0
   },
   {
      "id":"431",
      "name":"Uğur Demirok",
      "position":"d",
      "point":0
   },
   {
      "id":"660",
      "name":"Sabovic",
      "position":"os",
      "point":0
   },
   {
      "id":"642",
      "name":"Muhar",
      "position":"os",
      "point":0
   },
   {
      "id":"629",
      "name":"Melih Okutan",
      "position":"os",
      "point":0
   },
   {
      "id":"223",
      "name":"Ramazan Civelek",
      "position":"os",
      "point":0
   },
   {
      "id":"405",
      "name":"Manuel Fernandes",
      "position":"os",
      "point":0
   },
   {
      "id":"406",
      "name":"Aaron Lennon",
      "position":"os",
      "point":0
   },
   {
      "id":"408",
      "name":"Pedro Henrique",
      "position":"os",
      "point":0
   },
   {
      "id":"409",
      "name":"Manzala",
      "position":"os",
      "point":0
   },
   {
      "id":"410",
      "name":"Zoran Kvrzic",
      "position":"os",
      "point":0
   },
   {
      "id":"411",
      "name":"Avramovski",
      "position":"os",
      "point":0
   },
   {
      "id":"412",
      "name":"Uzodimma",
      "position":"os",
      "point":0
   },
   {
      "id":"413",
      "name":"Campanharo",
      "position":"os",
      "point":0
   },
   {
      "id":"414",
      "name":"İlhan Depe",
      "position":"os",
      "point":0
   },
   {
      "id":"416",
      "name":"Emre Demir",
      "position":"os",
      "point":0
   },
   {
      "id":"417",
      "name":"Nurettin Korkmaz",
      "position":"os",
      "point":0
   },
   {
      "id":"652",
      "name":"Luckassen",
      "position":"f",
      "point":0
   },
   {
      "id":"640",
      "name":"Maglica",
      "position":"f",
      "point":0
   },
   {
      "id":"418",
      "name":"Denis Alibec",
      "position":"f",
      "point":0
   },
   {
      "id":"419",
      "name":"Wilfried Kanga",
      "position":"f",
      "point":0
   },
   {
      "id":"420",
      "name":"İlhan Parlak",
      "position":"f",
      "point":0
   },
   {
      "id":"421",
      "name":"Muğdat Çelik",
      "position":"f",
      "point":0
   },
   {
      "id":"422",
      "name":"Ömer Uzun",
      "position":"f",
      "point":0
   },
   {
      "id":"423",
      "name":"Sehic",
      "position":"k",
      "point":0
   },
   {
      "id":"424",
      "name":"Erten Ersu",
      "position":"k",
      "point":0
   },
   {
      "id":"426",
      "name":"Eray Birniçan",
      "position":"k",
      "point":0
   },
   {
      "id":"427",
      "name":"Ozan Can Oruç",
      "position":"k",
      "point":0
   },
   {
      "id":"428",
      "name":"Skubic",
      "position":"d",
      "point":0
   },
   {
      "id":"429",
      "name":"Ahmet Çalık",
      "position":"d",
      "point":0
   },
   {
      "id":"430",
      "name":"Anicic",
      "position":"d",
      "point":0
   },
   {
      "id":"432",
      "name":"Guilherme Sitya",
      "position":"d",
      "point":0
   },
   {
      "id":"433",
      "name":"Alper Uludağ",
      "position":"d",
      "point":0
   },
   {
      "id":"434",
      "name":"Adil Demirbağ",
      "position":"d",
      "point":0
   },
   {
      "id":"435",
      "name":"Abdülkerim Bardakçı",
      "position":"d",
      "point":0
   },
   {
      "id":"156",
      "name":"Barış Yardımcı",
      "position":"d",
      "point":0
   },
   {
      "id":"680",
      "name":"İsmail Güven",
      "position":"os",
      "point":0
   },
   {
      "id":"676",
      "name":"Doğan Gölbek",
      "position":"os",
      "point":0
   },
   {
      "id":"281",
      "name":"Sekidika",
      "position":"os",
      "point":0
   },
   {
      "id":"634",
      "name":"Rahmanovic",
      "position":"os",
      "point":0
   },
   {
      "id":"139",
      "name":"Diomande",
      "position":"os",
      "point":0
   },
   {
      "id":"608",
      "name":"Zymer Bytyqi",
      "position":"os",
      "point":0
   },
   {
      "id":"436",
      "name":"Hurtado",
      "position":"os",
      "point":0
   },
   {
      "id":"438",
      "name":"Musa Çağıran",
      "position":"os",
      "point":0
   },
   {
      "id":"439",
      "name":"Samuel Eduok",
      "position":"os",
      "point":0
   },
   {
      "id":"440",
      "name":"Milosevic",
      "position":"os",
      "point":0
   },
   {
      "id":"441",
      "name":"Shengelia",
      "position":"os",
      "point":0
   },
   {
      "id":"442",
      "name":"Farouk Miya",
      "position":"os",
      "point":0
   },
   {
      "id":"443",
      "name":"Jevtovic",
      "position":"os",
      "point":0
   },
   {
      "id":"444",
      "name":"Hadziahmetovic",
      "position":"os",
      "point":0
   },
   {
      "id":"445",
      "name":"Şener Kaya",
      "position":"os",
      "point":0
   },
   {
      "id":"446",
      "name":"Volkan Fındıklı",
      "position":"os",
      "point":0
   },
   {
      "id":"447",
      "name":"Oğuz Kağan Güçtekin",
      "position":"os",
      "point":0
   },
   {
      "id":"448",
      "name":"Ali Karakaya",
      "position":"os",
      "point":0
   },
   {
      "id":"449",
      "name":"Kravets",
      "position":"f",
      "point":0
   },
   {
      "id":"450",
      "name":"Cikalleshi",
      "position":"f",
      "point":0
   },
   {
      "id":"451",
      "name":"Erdon Dacı",
      "position":"f",
      "point":0
   },
   {
      "id":"452",
      "name":"Ramazan Köse",
      "position":"k",
      "point":0
   },
   {
      "id":"453",
      "name":"Ertuğrul Taşkıran",
      "position":"k",
      "point":0
   },
   {
      "id":"454",
      "name":"Erdem Canpolat",
      "position":"k",
      "point":0
   },
   {
      "id":"455",
      "name":"Enes Sarı",
      "position":"k",
      "point":0
   },
   {
      "id":"615",
      "name":"Luckassen",
      "position":"d",
      "point":0
   },
   {
      "id":"456",
      "name":"Jeanvier",
      "position":"d",
      "point":0
   },
   {
      "id":"457",
      "name":"Hadergjonaj",
      "position":"d",
      "point":0
   },
   {
      "id":"458",
      "name":"Tirpan",
      "position":"d",
      "point":0
   },
   {
      "id":"459",
      "name":"Haddadi",
      "position":"d",
      "point":0
   },
   {
      "id":"461",
      "name":"Feyzi Yıldırım",
      "position":"d",
      "point":0
   },
   {
      "id":"462",
      "name":"Brecka",
      "position":"d",
      "point":0
   },
   {
      "id":"463",
      "name":"Berk Çetin",
      "position":"d",
      "point":0
   },
   {
      "id":"464",
      "name":"Çağtay Kurukalıp",
      "position":"d",
      "point":0
   },
   {
      "id":"465",
      "name":"Evren Elmalı",
      "position":"d",
      "point":0
   },
   {
      "id":"648",
      "name":"Tosic",
      "position":"d",
      "point":0
   },
   {
      "id":"668",
      "name":"Hasan Emre",
      "position":"os",
      "point":0
   },
   {
      "id":"638",
      "name":"D.Drinkwater",
      "position":"os",
      "point":0
   },
   {
      "id":"637",
      "name":"Bistrovic",
      "position":"os",
      "point":0
   },
   {
      "id":"466",
      "name":"Hajradinovic",
      "position":"os",
      "point":0
   },
   {
      "id":"467",
      "name":"Koomson",
      "position":"os",
      "point":0
   },
   {
      "id":"468",
      "name":"Alan Carius",
      "position":"os",
      "point":0
   },
   {
      "id":"469",
      "name":"Tarkan Serbest",
      "position":"os",
      "point":0
   },
   {
      "id":"470",
      "name":"Aytaç Kara",
      "position":"os",
      "point":0
   },
   {
      "id":"471",
      "name":"Kevin Varga",
      "position":"os",
      "point":0
   },
   {
      "id":"472",
      "name":"Yusuf Erdoğan",
      "position":"os",
      "point":0
   },
   {
      "id":"473",
      "name":"Pavelka",
      "position":"os",
      "point":0
   },
   {
      "id":"474",
      "name":"Sadiku",
      "position":"os",
      "point":0
   },
   {
      "id":"475",
      "name":"Azad Toptik",
      "position":"os",
      "point":0
   },
   {
      "id":"476",
      "name":"Anıl Koç",
      "position":"os",
      "point":0
   },
   {
      "id":"477",
      "name":"Doğucan Haspolat",
      "position":"os",
      "point":0
   },
   {
      "id":"478",
      "name":"Yasin Dülger",
      "position":"os",
      "point":0
   },
   {
      "id":"610",
      "name":"Thelin",
      "position":"f",
      "point":0
   },
   {
      "id":"479",
      "name":"Armin Hodzic",
      "position":"f",
      "point":0
   },
   {
      "id":"480",
      "name":"Koita",
      "position":"f",
      "point":0
   },
   {
      "id":"481",
      "name":"Gohou",
      "position":"f",
      "point":0
   },
   {
      "id":"612",
      "name":"Furkan",
      "position":"f",
      "point":0
   },
   {
      "id":"482",
      "name":"Mert Günok",
      "position":"k",
      "point":0
   },
   {
      "id":"483",
      "name":"Volkan Babacan",
      "position":"k",
      "point":0
   },
   {
      "id":"484",
      "name":"Muhammed Şengezer",
      "position":"k",
      "point":0
   },
   {
      "id":"485",
      "name":"Ahmet Kıvanç",
      "position":"k",
      "point":0
   },
   {
      "id":"611",
      "name":"Duarte",
      "position":"d",
      "point":0
   },
   {
      "id":"486",
      "name":"Epureanu",
      "position":"d",
      "point":0
   },
   {
      "id":"487",
      "name":"Caiçara",
      "position":"d",
      "point":0
   },
   {
      "id":"488",
      "name":"Skrtel",
      "position":"d",
      "point":0
   },
   {
      "id":"489",
      "name":"Hasan Ali",
      "position":"d",
      "point":0
   },
   {
      "id":"490",
      "name":"Boli Bolingoli",
      "position":"d",
      "point":0
   },
   {
      "id":"491",
      "name":"Rafael",
      "position":"d",
      "point":0
   },
   {
      "id":"492",
      "name":"Cemali Sertel",
      "position":"d",
      "point":0
   },
   {
      "id":"493",
      "name":"Miguel Viera",
      "position":"d",
      "point":0
   },
   {
      "id":"494",
      "name":"Emre Kaplan",
      "position":"d",
      "point":0
   },
   {
      "id":"495",
      "name":"Ravil Tagir",
      "position":"d",
      "point":0
   },
   {
      "id":"496",
      "name":"Ponck",
      "position":"d",
      "point":0
   },
   {
      "id":"497",
      "name":"Uğur Uçar",
      "position":"d",
      "point":0
   },
   {
      "id":"633",
      "name":"Muhammed",
      "position":"d",
      "point":0
   },
   {
      "id":"567",
      "name":"Ndayishimiye",
      "position":"os",
      "point":0
   },
   {
      "id":"252",
      "name":"Tolga",
      "position":"os",
      "point":0
   },
   {
      "id":"632",
      "name":"J.Fernandes",
      "position":"os",
      "point":0
   },
   {
      "id":"437",
      "name":"Ömer Ali",
      "position":"os",
      "point":0
   },
   {
      "id":"498",
      "name":"Visca",
      "position":"os",
      "point":0
   },
   {
      "id":"499",
      "name":"Giuliano",
      "position":"os",
      "point":0
   },
   {
      "id":"500",
      "name":"Chadli",
      "position":"os",
      "point":0
   },
   {
      "id":"501",
      "name":"Aleksic",
      "position":"os",
      "point":0
   },
   {
      "id":"502",
      "name":"Deniz Türüç",
      "position":"os",
      "point":0
   },
   {
      "id":"504",
      "name":"Mahmut Tekdemir",
      "position":"os",
      "point":0
   },
   {
      "id":"505",
      "name":"Kerim Frei",
      "position":"os",
      "point":0
   },
   {
      "id":"506",
      "name":"Mehmet Topal",
      "position":"os",
      "point":0
   },
   {
      "id":"507",
      "name":"Azubuike",
      "position":"os",
      "point":0
   },
   {
      "id":"508",
      "name":"Berkay Özcan",
      "position":"os",
      "point":0
   },
   {
      "id":"509",
      "name":"Kaan Demir",
      "position":"os",
      "point":0
   },
   {
      "id":"510",
      "name":"Crivelli",
      "position":"f",
      "point":0
   },
   {
      "id":"511",
      "name":"Gulbrandsen",
      "position":"f",
      "point":0
   },
   {
      "id":"512",
      "name":"Demba Ba",
      "position":"f",
      "point":0
   },
   {
      "id":"513",
      "name":"Enes Karakuş",
      "position":"f",
      "point":0
   },
   {
      "id":"514",
      "name":"Uğurcan",
      "position":"k",
      "point":0
   },
   {
      "id":"515",
      "name":"Erce",
      "position":"k",
      "point":0
   },
   {
      "id":"516",
      "name":"Arda Akbulut",
      "position":"k",
      "point":0
   },
   {
      "id":"666",
      "name":"Kağan",
      "position":"k",
      "point":0
   },
   {
      "id":"517",
      "name":"Muhammet Taha Tepe",
      "position":"k",
      "point":0
   },
   {
      "id":"667",
      "name":"Faruk Can",
      "position":"d",
      "point":0
   },
   {
      "id":"519",
      "name":"Vitor Hugo",
      "position":"d",
      "point":0
   },
   {
      "id":"520",
      "name":"Marlon",
      "position":"d",
      "point":0
   },
   {
      "id":"521",
      "name":"Edgar Ie",
      "position":"d",
      "point":0
   },
   {
      "id":"522",
      "name":"Majid Hosseini",
      "position":"d",
      "point":0
   },
   {
      "id":"524",
      "name":"Hüseyin Türkmen",
      "position":"d",
      "point":0
   },
   {
      "id":"525",
      "name":"Kamil Ahmet",
      "position":"d",
      "point":0
   },
   {
      "id":"526",
      "name":"Serkan Asan",
      "position":"d",
      "point":0
   },
   {
      "id":"527",
      "name":"Atakan Gündüz",
      "position":"d",
      "point":0
   },
   {
      "id":"518",
      "name":"Yunus Mallı",
      "position":"os",
      "point":0
   },
   {
      "id":"070",
      "name":"Bakasetas",
      "position":"os",
      "point":0
   },
   {
      "id":"528",
      "name":"Nwakaeme",
      "position":"os",
      "point":0
   },
   {
      "id":"530",
      "name":"Lewis Baker",
      "position":"os",
      "point":0
   },
   {
      "id":"531",
      "name":"Abdulkadir Ömür",
      "position":"os",
      "point":0
   },
   {
      "id":"532",
      "name":"Flavio",
      "position":"os",
      "point":0
   },
   {
      "id":"533",
      "name":"Trondsen",
      "position":"os",
      "point":0
   },
   {
      "id":"534",
      "name":"Abdulkadir Parmak",
      "position":"os",
      "point":0
   },
   {
      "id":"334",
      "name":"Berat Ayberk",
      "position":"os",
      "point":0
   },
   {
      "id":"536",
      "name":"Sefa Kınalı",
      "position":"os",
      "point":0
   },
   {
      "id":"537",
      "name":"Ahmet Canbaz",
      "position":"os",
      "point":0
   },
   {
      "id":"538",
      "name":"Yusuf Sarı",
      "position":"os",
      "point":0
   },
   {
      "id":"539",
      "name":"Afobe",
      "position":"f",
      "point":0
   },
   {
      "id":"540",
      "name":"Ekuban",
      "position":"f",
      "point":0
   },
   {
      "id":"541",
      "name":"Djaniny",
      "position":"f",
      "point":0
   },
   {
      "id":"542",
      "name":"Plaza",
      "position":"f",
      "point":0
   },
   {
      "id":"543",
      "name":"Anıl Başaran",
      "position":"f",
      "point":0
   },
   {
      "id":"544",
      "name":"Salih Kavrazlı",
      "position":"f",
      "point":0
   },
   {
      "id":"545",
      "name":"Koray Kılınç",
      "position":"f",
      "point":0
   },
   {
      "id":"547",
      "name":"Ertaç",
      "position":"k",
      "point":0
   },
   {
      "id":"548",
      "name":"Eray İşcan",
      "position":"k",
      "point":0
   },
   {
      "id":"549",
      "name":"Murat Akşit",
      "position":"k",
      "point":0
   },
   {
      "id":"550",
      "name":"Abdulsamed Damlu",
      "position":"k",
      "point":0
   },
   {
      "id":"551",
      "name":"Chebake",
      "position":"d",
      "point":0
   },
   {
      "id":"552",
      "name":"Zeki Yavru",
      "position":"d",
      "point":0
   },
   {
      "id":"553",
      "name":"Karim Hafez",
      "position":"d",
      "point":0
   },
   {
      "id":"554",
      "name":"Semih Kaya",
      "position":"d",
      "point":0
   },
   {
      "id":"555",
      "name":"Wallace",
      "position":"d",
      "point":0
   },
   {
      "id":"557",
      "name":"Erkan Kaş",
      "position":"d",
      "point":0
   },
   {
      "id":"558",
      "name":"Murat Akça",
      "position":"d",
      "point":0
   },
   {
      "id":"559",
      "name":"Hadebe",
      "position":"d",
      "point":0
   },
   {
      "id":"560",
      "name":"Bülent Cevahir",
      "position":"d",
      "point":0
   },
   {
      "id":"561",
      "name":"Mustafa Eskihellaç",
      "position":"d",
      "point":0
   },
   {
      "id":"546",
      "name":"NDizeye",
      "position":"d",
      "point":0
   },
   {
      "id":"654",
      "name":"Awuku",
      "position":"d",
      "point":0
   },
   {
      "id":"655",
      "name":"Mallan",
      "position":"os",
      "point":0
   },
   {
      "id":"656",
      "name":"Nshimirimana",
      "position":"os",
      "point":0
   },
   {
      "id":"657",
      "name":"Aly Malle",
      "position":"os",
      "point":0
   },
   {
      "id":"658",
      "name":"Haqi Osman",
      "position":"os",
      "point":0
   },
   {
      "id":"659",
      "name":"Doğukan Emeksiz",
      "position":"os",
      "point":0
   },
   {
      "id":"562",
      "name":"Fofana",
      "position":"os",
      "point":0
   },
   {
      "id":"563",
      "name":"Cueva",
      "position":"os",
      "point":0
   },
   {
      "id":"564",
      "name":"Olcay Şahan",
      "position":"os",
      "point":0
   },
   {
      "id":"565",
      "name":"Lukoki",
      "position":"os",
      "point":0
   },
   {
      "id":"566",
      "name":"Acquah",
      "position":"os",
      "point":0
   },
   {
      "id":"568",
      "name":"Zuqui",
      "position":"os",
      "point":0
   },
   {
      "id":"569",
      "name":"Ahmed Ildız",
      "position":"os",
      "point":0
   },
   {
      "id":"570",
      "name":"Berk Yıldız",
      "position":"os",
      "point":0
   },
   {
      "id":"572",
      "name":"Tetteh",
      "position":"f",
      "point":0
   },
   {
      "id":"573",
      "name":"Adem Büyük",
      "position":"f",
      "point":0
   },
   {
      "id":"574",
      "name":"Jetmir Topalli",
      "position":"f",
      "point":0
   },
   {
      "id":"575",
      "name":"Umut Bulut",
      "position":"f",
      "point":0
   },
   {
      "id":"576",
      "name":"Kubilay Kanatsızkuş",
      "position":"f",
      "point":0
   },
   {
      "id":"577",
      "name":"Abdulkadir Sünger",
      "position":"k",
      "point":0
   },
   {
      "id":"578",
      "name":"Cenk Gönen",
      "position":"k",
      "point":0
   },
   {
      "id":"579",
      "name":"Ali Eren Yalçın",
      "position":"k",
      "point":0
   },
   {
      "id":"580",
      "name":"Hüseyin Altıntaş",
      "position":"k",
      "point":0
   },
   {
      "id":"581",
      "name":"Emre Yıldırım",
      "position":"d",
      "point":0
   },
   {
      "id":"677",
      "name":"Görkem Can",
      "position":"d",
      "point":0
   },
   {
      "id":"582",
      "name":"Leismann",
      "position":"d",
      "point":0
   },
   {
      "id":"583",
      "name":"Özgür Çek",
      "position":"d",
      "point":0
   },
   {
      "id":"584",
      "name":"Tiago Lopes",
      "position":"d",
      "point":0
   },
   {
      "id":"585",
      "name":"Mustafa Yumlu",
      "position":"d",
      "point":0
   },
   {
      "id":"586",
      "name":"Sakıb Aytaç",
      "position":"d",
      "point":0
   },
   {
      "id":"588",
      "name":"Muhammet Özkal",
      "position":"d",
      "point":0
   },
   {
      "id":"589",
      "name":"Özer Özdemir",
      "position":"d",
      "point":0
   },
   {
      "id":"590",
      "name":"Oğuz Yılmaz",
      "position":"d",
      "point":0
   },
   {
      "id":"664",
      "name":"Ben Mohamed",
      "position":"d",
      "point":0
   },
   {
      "id":"596",
      "name":"Emirhan",
      "position":"d",
      "point":0
   },
   {
      "id":"681",
      "name":"M.Ali Ulaman",
      "position":"os",
      "point":0
   },
   {
      "id":"077",
      "name":"Hasan Ayaroğlu",
      "position":"os",
      "point":0
   },
   {
      "id":"636",
      "name":"Diskerud",
      "position":"os",
      "point":0
   },
   {
      "id":"308",
      "name":"Kubilay Aktaş",
      "position":"os",
      "point":0
   },
   {
      "id":"625",
      "name":"Ahmed Yasin",
      "position":"os",
      "point":0
   },
   {
      "id":"591",
      "name":"Aissati",
      "position":"os",
      "point":0
   },
   {
      "id":"592",
      "name":"Dossevi",
      "position":"os",
      "point":0
   },
   {
      "id":"593",
      "name":"Varela",
      "position":"os",
      "point":0
   },
   {
      "id":"594",
      "name":"Sacko",
      "position":"os",
      "point":0
   },
   {
      "id":"595",
      "name":"Murawski",
      "position":"os",
      "point":0
   },
   {
      "id":"597",
      "name":"Bakalorz",
      "position":"os",
      "point":0
   },
   {
      "id":"598",
      "name":"Recep Niyaz",
      "position":"os",
      "point":0
   },
   {
      "id":"599",
      "name":"Alihan Kalkan",
      "position":"os",
      "point":0
   },
   {
      "id":"624",
      "name":"Tusha",
      "position":"f",
      "point":0
   },
   {
      "id":"600",
      "name":"Rodallega",
      "position":"f",
      "point":0
   },
   {
      "id":"601",
      "name":"Mesanovic",
      "position":"f",
      "point":0
   },
   {
      "id":"285",
      "name":"Ali Yavuz Kol",
      "position":"f",
      "point":0
   }
]
